date,service,departure_station,arrival_station,avg_journey_duration,nb_planned_trains,nb_cancelled_trains,nb_late_trains_departure,avg_delay_late_trains_departure,avg_delay_all_trains_departure,nb_late_trains_arrival,avg_delay_late_trains_arrival,avg_delay_all_trains_arrival,nb_trains_late_over_15min,avg_delay_trains_late_over_15min,nb_trains_late_over_30min,nb_trains_late_over_60min,pct_delay_external_causes,pct_delay_infrastructure,pct_delay_traffic_management,pct_delay_rolling_stock,pct_delay_station_management,Prct retard pour cause prise en compte voyageurs (affluence, gestions PSH, correspondances)
2018-01,National,DIJON VILLE,PARIS LYON,98,451,7,264,6.674873737,4.068093093,42,28.48611111,2.398836336,29,2.398836336,12.0,5.0,25.0,12.5,40.0,7.5,2.5,12.5,0.0,0.0
2018-01,National,PARIS EST,STRASBOURG,112,494,9,49,6.267006803,0.576323024,14,27.3,0.77814433,11,0.77814433,5.0,1.0,25.0,8.333333333,8.333333333,50.0,8.333333333,0.0,0.0,0.0
2018-01,National,PARIS LYON,MULHOUSE VILLE,168,299,5,47,10.88865248,1.487414966,49,31.26462585,6.390646259,39,6.390646259,18.0,4.0,15.90909091,29.54545455,18.18181818,27.27272727,2.272727273,6.818181818,0.0,0.0
2018-01,National,BELLEGARDE (AIN),PARIS LYON,162,259,3,115,8.253188406,3.758333333,53,34.96918239,7.531966146,42,7.531966146,21.0,9.0,54.90196078,19.60784314,15.68627451,1.960784314,5.882352941,1.960784314,0.0,0.0
2018-01,National,CHAMBERY CHALLES LES EAUX,PARIS LYON,184,278,1,149,15.00626398,8.019795427,69,38.49082126,10.27063779,60,10.27063779,26.0,12.0,24.13793103,17.24137931,32.75862069,20.68965517,3.448275862,1.724137931,0.0,0.0
2018-02,National,PARIS LYON,MULHOUSE VILLE,168,262,2,38,12.59298246,1.547820513,27,27.67716049,4.155641026,16,4.155641026,5.0,2.0,23.07692308,11.53846154,34.61538462,30.76923077,0.0,0.0,0.0,0.0
2018-02,National,DIJON VILLE,PARIS LYON,99,409,2,220,7.687424242,4.247338247,30,35.65166667,3.157411957,25,3.157411957,16.0,8.0,34.48275862,20.68965517,13.79310345,20.68965517,10.34482759,0.0,0.0,0.0
2018-02,National,BELLEGARDE (AIN),PARIS LYON,162,233,0,101,6.448019802,2.841773963,30,33.89944444,5.082546495,20,5.082546495,11.0,4.0,25.0,28.57142857,25.0,10.71428571,7.142857143,3.571428571,0.0,0.0
2018-02,National,CHAMBERY CHALLES LES EAUX,PARIS LYON,187,282,0,152,11.80482456,6.261583924,73,24.67260274,7.19391253,60,7.19391253,15.0,4.0,8.333333333,20.0,46.66666667,18.33333333,3.333333333,3.333333333,0.0,0.0
2018-03,National,CHAMBERY CHALLES LES EAUX,PARIS LYON,187,306,4,178,12.2414794,7.166501104,77,26.52337662,7.250220751,65,7.250220751,17.0,6.0,15.27777778,23.61111111,29.16666667,18.05555556,12.5,1.388888889,0.0,0.0
2018-03,National,PARIS LYON,MULHOUSE VILLE,173,287,4,44,11.58371212,1.522555948,38,34.10614035,4.485924617,27,4.485924617,12.0,5.0,40.54054054,8.108108108,18.91891892,24.32432432,5.405405405,2.702702703,0.0,0.0
2018-03,National,PARIS EST,STRASBOURG,111,493,20,112,12.22886905,2.852043693,74,31.41013514,5.185835095,54,5.185835095,23.0,6.0,38.35616438,1.369863014,5.479452055,42.46575342,8.219178082,4.109589041,0.0,0.0
2018-03,National,BELLEGARDE (AIN),PARIS LYON,162,254,3,100,7.974,3.201527224,35,28.35904762,4.097144754,25,4.097144754,13.0,1.0,21.21212121,15.15151515,33.33333333,18.18181818,12.12121212,0.0,0.0,0.0
2018-03,National,DIJON VILLE,PARIS LYON,100,451,8,262,9.218638677,5.545221971,45,36.38962963,3.589917231,33,3.589917231,18.0,8.0,38.63636364,15.90909091,22.72727273,18.18181818,2.272727273,2.272727273,0.0,0.0
2018-04,National,PARIS LYON,MULHOUSE VILLE,173,308,106,36,12.45787037,1.927805281,23,23.80942029,2.298349835,15,2.298349835,5.0,2.0,42.85714286,23.80952381,14.28571429,4.761904762,14.28571429,0.0,0.0,0.0
2018-04,National,PARIS EST,STRASBOURG,112,521,122,97,10.4185567,2.474686717,44,28.13598485,3.111570593,30,3.111570593,15.0,3.0,16.27906977,13.95348837,13.95348837,39.53488372,13.95348837,2.325581395,0.0,0.0
2018-04,National,BELLEGARDE (AIN),PARIS LYON,163,231,85,48,6.767708333,2.291894977,10,35.96833333,2.061187215,8,2.061187215,4.0,2.0,42.85714286,0.0,14.28571429,28.57142857,14.28571429,0.0,0.0,0.0
2018-04,National,CHAMBERY CHALLES LES EAUX,PARIS LYON,182,260,100,96,18.46128472,11.10697917,40,38.38875,10.69104167,37,10.69104167,16.0,7.0,34.48275862,24.13793103,20.68965517,10.34482759,6.896551724,3.448275862,0.0,0.0
2018-04,National,DIJON VILLE,PARIS LYON,99,447,133,168,7.664087302,4.212048832,31,23.07473118,1.770488323,19,1.770488323,3.0,2.0,26.08695652,4.347826087,21.73913043,30.43478261,8.695652174,8.695652174,0.0,0.0
2018-05,National,BELLEGARDE (AIN),PARIS LYON,163,234,63,17,13.66666667,2.088693957,45,40.60851852,10.7791423,42,10.7791423,29.0,5.0,0.0,0.0,0.0,0.0,0.0,0.0,0.0,0.0
2018-05,National,PARIS EST,STRASBOURG,119,507,57,59,21.24774011,3.066814815,39,28.63162393,1.803925926,30,1.803925926,11.0,2.0,30.76923077,5.128205128,5.128205128,41.02564103,12.82051282,5.128205128,0.0,0.0
2018-05,National,PARIS LYON,MULHOUSE VILLE,167,281,64,26,26.23461538,3.192089094,59,27.01666667,8.46797235,40,8.46797235,15.0,5.0,54.23728814,6.779661017,8.474576271,22.03389831,1.694915254,6.779661017,0.0,0.0
2018-05,National,CHAMBERY CHALLES LES EAUX,PARIS LYON,184,221,63,89,20.932397,12.13723629,49,29.8,9.829219409,37,9.829219409,15.0,5.0,23.80952381,14.28571429,28.57142857,28.57142857,0.0,4.761904762,0.0,0.0
2018-05,National,DIJON VILLE,PARIS LYON,97,434,78,119,16.23585434,6.386142322,49,34.04387755,5.065636704,33,5.065636704,18.0,8.0,30.0,10.0,20.0,20.0,20.0,0.0,0.0,0.0
2018-06,National,DIJON VILLE,PARIS LYON,97,433,43,103,18.23268608,5.950128205,63,37.90740741,7.312136752,48,7.312136752,28.0,15.0,10.52631579,47.36842105,21.05263158,15.78947368,5.263157895,0.0,0.0,0.0
2018-06,National,BELLEGARDE (AIN),PARIS LYON,163,228,47,27,19.67469136,3.889042357,121,33.44256198,23.28941068,96,23.28941068,52.0,16.0,75.0,25.0,0.0,0.0,0.0,0.0,0.0,0.0
2018-06,National,PARIS EST,STRASBOURG,112,471,25,44,19.32045455,2.232399103,48,31.67673611,3.601606876,30,3.601606876,18.0,5.0,14.89361702,27.65957447,8.510638298,31.91489362,17.0212766,0.0,0.0,0.0
2018-06,National,PARIS LYON,MULHOUSE VILLE,168,306,35,29,31.71034483,3.503751538,49,33.51292517,6.73603936,33,6.73603936,13.0,9.0,28.57142857,20.40816327,18.36734694,20.40816327,4.081632653,8.163265306,0.0,0.0
2018-06,National,CHAMBERY CHALLES LES EAUX,PARIS LYON,183,194,43,81,20.83148148,11.71699779,92,37.63297101,23.40242826,82,23.40242826,45.0,10.0,74.0,18.0,2.0,6.0,0.0,0.0,0.0,0.0
2018-07,National,PARIS LYON,MULHOUSE VILLE,167,301,8,71,18.9915493,4.425824801,65,39.74025641,9.871956769, baisse de tension vers Montbard : 20 TGV retardes pour 751 min, 10 TGV de laxe perdus a 5.,54.0,9.871956769,27.0,9.0,24.61538462,18.46153846,4.615384615,40.0,6.153846154,6.153846154
2018-07,National,CHAMBERY CHALLES LES EAUX,PARIS LYON,188,209,7,157,17.82335456,13.82021452,122,35.54699454,22.23061056, 16 TGV de laxe perdus a 5.,116,22.23061056,56.0,12.0,64.70588235,15.68627451,11.76470588,5.882352941,0.0,1.960784314,0.0
2018-07,National,DIJON VILLE,PARIS LYON,98,436,9,300,8.694777778,6.191530055,87,34.25996169,8.613700234, baisse de tension vers Montbard : 20 TGV retardes pour 751 min, 10 TGV de laxe perdus a 5.,63.0,8.613700234,32.0,14.0,21.73913043,43.47826087,4.347826087,26.08695652,0.0,4.347826087
2018-07,National,PARIS EST,STRASBOURG,113,494,11,112,10.09360119,1.419427191,41,34.77113821,2.97515528,36,2.97515528,16.0,5.0,9.756097561,21.95121951,7.317073171,39.02439024,14.63414634,7.317073171,0.0,0.0
2018-07,National,BELLEGARDE (AIN),PARIS LYON,163,220,6,114,7.329385965,3.961760125,100,34.15083333,17.04976636, suivi de 4 alertes radio pour personnes dans les voies avec des trains Transilien : 68 TGV retardes pour 5910 min,83,17.04976636,36.0,13.0,100.0,0.0,0.0,0.0,0.0,0.0,0.0
2018-08,National,PARIS EST,STRASBOURG,113,473,5,86,10.52887597,1.879451567,34,31.18529412,2.005519943,26,2.005519943,10.0,3.0,17.64705882,14.70588235,2.941176471,52.94117647,11.76470588,0.0,0.0,0.0
2018-08,National,CHAMBERY CHALLES LES EAUX,PARIS LYON,189,197,0,125,19.62133333,12.392978,67,30.72736318,11.64416244, suivi de 4 alertes radio pour personnes dans les voies avec des trains Transilien : 68 TGV retardes pour 5910 min,57,11.64416244,17.0,4.0,68.42105263,5.263157895,21.05263158,0.0,0.0,5.263157895,0.0
2018-08,National,BELLEGARDE (AIN),PARIS LYON,162,196,1,98,9.200510204,4.666068376,18,54.70555556,5.744017094, suivi de 4 alertes radio pour personnes dans les voies avec des trains Transilien : 68 TGV retardes pour 5910 min,16,5.744017094,8.0,5.0,0.0,0.0,50.0,0.0,0.0,50.0,0.0
2018-08,National,DIJON VILLE,PARIS LYON,99,430,10,265,9.503773585,6.101984127,58,36.88563218,5.73281746,44,5.73281746,28.0,12.0,20.83333333,25.0,16.66666667,12.5,16.66666667,8.333333333,0.0,0.0
2018-08,National,PARIS LYON,MULHOUSE VILLE,167,277,2,58,16.91551724,3.315212121,44,36.1,6.725454545,34,6.725454545,17.0,6.0,18.18181818,13.63636364,6.818181818,45.45454545,13.63636364,2.272727273,0.0,0.0
2018-09,National,DIJON VILLE,PARIS LYON,101,415,2,271,6.99704797,4.702421308,60,24.10333333,3.937288136,39,3.937288136,13.0,2.0,10.52631579,22.80701754,47.36842105,15.78947368,3.50877193,0.0,0.0,0.0
2018-09,National,CHAMBERY CHALLES LES EAUX,PARIS LYON,184,189,1,116,16.72025862,10.28173759,69,31.08574879,12.41861702,57,12.41861702,20.0,8.0,19.40298507,37.31343284,29.85074627,5.970149254,5.970149254,1.492537313,0.0,0.0
2018-09,National,PARIS LYON,MULHOUSE VILLE,167,297,2,54,13.30216049,2.206045198,41,35.67804878,5.837909605,34,5.837909605,14.0,5.0,17.07317073,19.51219512,12.19512195,39.02439024,9.756097561,2.43902439,0.0,0.0
2018-09,National,PARIS EST,STRASBOURG,113,474,7,75,11.94444444,1.815810136,37,27.83153153,2.430835118,30,2.430835118,10.0,2.0,21.62162162,13.51351351,5.405405405,59.45945946,0.0,0.0,0.0,0.0
2018-09,National,BELLEGARDE (AIN),PARIS LYON,163,229,1,71,6.468075117,2.079385965,26,24.08076923,2.950146199,18,2.950146199,4.0,1.0,13.63636364,27.27272727,40.90909091,9.090909091,9.090909091,0.0,0.0,0.0
2018-10,National,PARIS EST,STRASBOURG,113,451,4,63,13.36587302,1.791909023,27,32.92469136,2.018456376,22,2.018456376,8.0,4.0,19.23076923,19.23076923,3.846153846,46.15384615,11.53846154,0.0,0.0,0.0
2018-10,National,DIJON VILLE,PARIS LYON,100,417,2,258,5.76879845,3.69248996,37,30.67207207,3.370240964,22,3.370240964,10.0,6.0,10.81081081,21.62162162,48.64864865,8.108108108,8.108108108,2.702702703,0.0,0.0
2018-10,National,BELLEGARDE (AIN),PARIS LYON,162,235,0,100,3.660833333,1.585531915,28,29.0922619,3.446524823,20,3.446524823,7.0,4.0,17.85714286,39.28571429,28.57142857,3.571428571,10.71428571,0.0,0.0,0.0
2018-10,National,CHAMBERY CHALLES LES EAUX,PARIS LYON,182,191,1,119,15.09929972,9.451315789,56,37.11369048,12.71008772,45,12.71008772,20.0,6.0,20.0,14.54545455,45.45454545,14.54545455,1.818181818,3.636363636,0.0,0.0
2018-10,National,PARIS LYON,MULHOUSE VILLE,167,290,2,43,17.94844961,2.41875,46,29.37572464,5.557928241,33,5.557928241,15.0,5.0,28.26086957,8.695652174,19.56521739,28.26086957,10.86956522,4.347826087,0.0,0.0
2018-11,National,BELLEGARDE (AIN),PARIS LYON,162,219,3,119,4.587114846,2.615740741,29,43.84195402,6.383719136,22,6.383719136,14.0,7.0,37.93103448,17.24137931,24.13793103,13.79310345,6.896551724,0.0,0.0,0.0
2018-11,National,DIJON VILLE,PARIS LYON,98,431,3,256,9.915820313,6.028115265,54,40.70524691,5.552842679,39,5.552842679,20.0,10.0,31.48148148,22.22222222,31.48148148,9.259259259,3.703703704,1.851851852,0.0,0.0
2018-11,National,CHAMBERY CHALLES LES EAUX,PARIS LYON,182,194,2,113,11.17507375,6.602083333,64,32.55,11.45824653,53,11.45824653,29.0,7.0,26.5625,26.5625,34.375,7.8125,3.125,1.5625,0.0,0.0
2018-11,National,PARIS LYON,MULHOUSE VILLE,167,310,3,49,18.09897959,2.539793702,48,33.28819444,6.100271444,31,6.100271444,21.0,4.0,21.73913043,15.2173913,21.73913043,30.43478261,10.86956522,0.0,0.0,0.0
2018-12,National,CHAMBERY CHALLES LES EAUX,PARIS LYON,188,240,4,136,10.20134804,5.909816384,33,24.70606061,4.341172316,26,4.341172316,7.0,1.0,22.58064516,12.90322581,38.70967742,16.12903226,9.677419355,0.0,0.0,0.0
2018-12,National,DIJON VILLE,PARIS LYON,98,437,6,249,9.843908969,5.794354215,37,45.88198198,4.081013148,25,4.081013148,14.0,9.0,46.875,15.625,21.875,6.25,9.375,0.0,0.0,0.0
2018-12,National,PARIS LYON,MULHOUSE VILLE,168,285,1,55,13.83848485,2.412969484,44,33.48674242,5.984507042,34,5.984507042,12.0,5.0,27.90697674,4.651162791,25.58139535,41.86046512,0.0,0.0,0.0,0.0
2018-12,National,BELLEGARDE (AIN),PARIS LYON,163,245,1,165,6.796666667,4.651502732,26,28.11282051,3.12602459,22,3.12602459,8.0,2.0,15.38461538,15.38461538,34.61538462,23.07692308,11.53846154,0.0,0.0,0.0
2019-01,National,BELLEGARDE (AIN),PARIS LYON,162,253,0,184,4.827445652,3.569301713,30,33.94777778,3.915217391,20,3.915217391,9.0,4.0,50.0,25.0,21.42857143,3.571428571,0.0,0.0,0.0,0.0
2019-01,National,CHAMBERY CHALLES LES EAUX,PARIS LYON,189,237,3,143,16.14708625,9.871011396,41,46.48658537,8.321011396,33,8.321011396,17.0,9.0,31.57894737,13.15789474,39.47368421,10.52631579,5.263157895,0.0,0.0,0.0
2019-01,National,PARIS LYON,MULHOUSE VILLE,169,296,0,34,12.70392157,1.117736486,52,26.92852564,5.35731982,36,5.35731982,10.0,1.0,24.0,48.0,4.0,18.0,4.0,2.0,0.0,0.0
2019-01,National,PARIS EST,STRASBOURG,117,572,18,98,11.77789116,2.008092659,97,36.05601375,6.807129964,84,6.807129964,47.0,10.0,65.97938144,9.278350515,6.18556701,13.40206186,3.092783505,2.06185567,0.0,0.0
2019-01,National,DIJON VILLE,PARIS LYON,100,456,0,255,6.916143791,3.957967836,44,28.44469697,2.410343567,32,2.410343567,12.0,3.0,48.8372093,11.62790698,25.58139535,11.62790698,2.325581395,0.0,0.0,0.0
2019-02,National,PARIS LYON,MULHOUSE VILLE,169,258,1,38,32.36622807,4.458171206,35,66.4252381,9.772697795,29,9.772697795,20.0,11.0,11.42857143,42.85714286,20.0,20.0,2.857142857,2.857142857,0.0,0.0
2019-02,National,BELLEGARDE (AIN),PARIS LYON,162,218,1,160,8.05625,5.993317972,23,60.7173913,6.028571429, accident de personne,15,6.028571429,8.0,7.0,4.761904762,61.9047619,19.04761905,4.761904762,4.761904762,4.761904762,0.0
2019-02,National,CHAMBERY CHALLES LES EAUX,PARIS LYON,190,215,3,137,15.48345499,10.00982704,42,51.8468254,11.05400943, accident de personne,37,11.05400943,14.0,9.0,14.63414634,19.51219512,43.90243902,12.19512195,4.87804878,4.87804878,0.0
2019-02,National,DIJON VILLE,PARIS LYON,100,401,4,225,7.650518519,4.436733837,29,63.0545977,4.095088161, accident de personne,26,4.095088161,21.0,14.0,11.11111111,66.66666667,11.11111111,7.407407407,3.703703704,0.0,0.0
2019-03,National,BELLEGARDE (AIN),PARIS LYON,162,256,0,188,5.320212766,3.954361979,30,33.76833333,3.272265625,28,3.272265625,10.0,3.0,21.42857143,25.0,32.14285714,10.71428571,3.571428571,7.142857143,0.0,0.0
2019-03,National,DIJON VILLE,PARIS LYON,101,453,0,288,6.0,3.888226637,26,30.58910256,0.984694628,16,0.984694628,7.0,5.0,26.92307692,23.07692308,26.92307692,19.23076923,0.0,3.846153846,0.0,0.0
2019-03,National,CHAMBERY CHALLES LES EAUX,PARIS LYON,192,294,0,169,8.679487179,4.89047619,34,28.41127451,3.62760771,28,3.62760771,8.0,4.0,6.451612903,32.25806452,41.93548387,16.12903226,3.225806452,0.0,0.0,0.0
2019-03,National,PARIS LYON,MULHOUSE VILLE,169,287,0,23,9.633333333,0.424390244,23,27.49492754,3.186004646,15,3.186004646,6.0,2.0,4.347826087,26.08695652,30.43478261,30.43478261,0.0,8.695652174,0.0,0.0
2019-04,National,PARIS LYON,MULHOUSE VILLE,168,295,0,19,39.95614035,2.303502825,17,21.8754902,2.356271186,10,2.356271186,3.0,1.0,7.142857143,7.142857143,50.0,35.71428571,0.0,0.0,0.0,0.0
2019-04,National,PARIS EST,STRASBOURG,115,529,11,103,11.13462783,2.240250965,34,37.47254902,2.586808237,28,2.586808237,13.0,4.0,15.625,28.125,21.875,28.125,3.125,3.125,0.0,0.0
2019-04,National,DIJON VILLE,PARIS LYON,99,417,0,255,7.540784314,4.69756195,29,34.3362069,1.881414868,17,1.881414868,11.0,6.0,4.0,20.0,36.0,24.0,16.0,0.0,0.0,0.0
2019-04,National,BELLEGARDE (AIN),PARIS LYON,162,224,1,148,3.845045045,2.625112108,13,19.76794872,0.051345291,9,0.051345291,0.0,0.0,16.66666667,8.333333333,58.33333333,16.66666667,0.0,0.0,0.0,0.0
2019-04,National,CHAMBERY CHALLES LES EAUX,PARIS LYON,187,155,4,81,11.28045267,6.026048565,23,26.09202899,3.742604857,21,3.742604857,4.0,2.0,18.18181818,22.72727273,50.0,4.545454545,0.0,4.545454545,0.0,0.0
2019-05,National,PARIS EST,STRASBOURG,115,525,0,348,4.812883142,3.10952381,35,24.61333333,1.633047619,23,31.05869565,7.0,3.0,11.76470588,17.64705882,23.52941176,35.29411765,11.76470588,0.0,0.0,0.0
2019-05,National,DIJON VILLE,PARIS LYON,98,446,0,374,4.621122995,3.845926756,34,24.51029412,1.815433483,23,30.11884058,8.0,2.0,5.882352941,32.35294118,32.35294118,11.76470588,8.823529412,8.823529412,0.0,0.0
2019-05,National,PARIS LYON,MULHOUSE VILLE,168,308,0,87,2.244636015,0.33030303,21,22.7952381,2.3254329,13,29.34487179,6.0,0.0,19.04761905,33.33333333,23.80952381,23.80952381,0.0,0.0,0.0,0.0
2019-05,National,BELLEGARDE (AIN),PARIS LYON,162,226,0,186,3.993817204,3.240265487,27,35.21728395,3.867330383,25,39.82533333,12.0,4.0,40.0,16.0,28.0,12.0,0.0,4.0,0.0,0.0
2019-06,National,PARIS EST,STRASBOURG,116,501,0,377,4.953801945,3.664737192,41,36.02723577,3.1999002,29,45.72413793,15.0,7.0,17.94871795,15.38461538,10.25641026,28.20512821,25.64102564,2.564102564,0.0,0.0
2019-06,National,DIJON VILLE,PARIS LYON,98,434,3,377,5.701503095,4.964037123,43,52.32906977,5.240139211, demande de secours ECR a Dijon, heurt de personne a Maisons Alfort,36.0,59.87222222,21.0,12.0,32.55813953,25.58139535,30.23255814,6.976744186,4.651162791,0.0
2019-06,National,CHAMBERY CHALLES LES EAUX,PARIS LYON,187,130,0,99,9.42037037,7.108333333,29,33.03218391,7.783974359,23,38.4673913,11.0,3.0,20.68965517,27.5862069,31.03448276,13.79310345,6.896551724,0.0,0.0,0.0
2019-06,National,PARIS LYON,MULHOUSE VILLE,168,300,0,93,9.89874552,2.798333333,46,37.23550725,6.372833333,34,45.99558824,19.0,7.0,23.91304348,17.39130435,26.08695652,30.43478261,2.173913043,0.0,0.0,0.0
2019-07,National,PARIS LYON,MULHOUSE VILLE,168,307,0,112,6.053571429,1.961292074,41,30.77235772,4.830076004,32,36.665625,13.0,6.0,9.756097561,21.95121951,21.95121951,31.70731707,14.63414634,0.0,0.0,0.0
2019-07,National,BELLEGARDE (AIN),PARIS LYON,162,227,8,208,6.537740385,6.072907154,29,21.0137931,4.668493151,19,41.56944444,8.0,2.0,27.5862069,31.03448276,31.03448276,3.448275862,0.0,6.896551724,0.0,0.0
2019-07,National,CHAMBERY CHALLES LES EAUX,PARIS LYON,191,254,133,93,4.826523297,3.637052342,16,31.61979167,4.890633609,13,34.61547619,7.0,1.0,26.66666667,13.33333333,40.0,6.666666667,6.666666667,6.666666667,0.0,0.0
2019-07,National,DIJON VILLE,PARIS LYON,98,441,0,379,4.654441513,3.982123961,42,33.73849206,2.927739985,32,40.69583333,13.0,7.0,9.523809524,26.19047619,38.0952381,14.28571429,4.761904762,7.142857143,0.0,0.0
2019-08,National,PARIS EST,STRASBOURG,116,529,15,372,5.167831541,3.674448768,20,28.65166667,1.414883268,18,35.68229167,5.0,2.0,10.0,45.0,15.0,25.0,5.0,0.0,0.0,0.0
2019-08,National,DIJON VILLE,PARIS LYON,98,400,5,321,4.73317757,3.814978903,32,41.07135417,2.443544304,22,53.66212121,14.0,7.0,31.25,15.625,28.125,18.75,6.25,0.0,0.0,0.0
2019-08,National,PARIS LYON,MULHOUSE VILLE,168,263,0,92,6.364311594,1.930291508,25,31.89266667,3.509442332,20,36.59833333,11.0,1.0,4.0,20.0,16.0,44.0,8.0,8.0,0.0,0.0
2019-08,National,BELLEGARDE (AIN),PARIS LYON,161,187,0,182,5.511813187,5.354188948,20,27.23833333,3.098752228,15,32.10333333,6.0,1.0,5.0,10.0,55.0,15.0,5.0,10.0,0.0,0.0
2019-08,National,CHAMBERY CHALLES LES EAUX,PARIS LYON,189,156,5,122,11.01448087,8.83200883,34,32.48970588,8.679690949,32,33.72239583,8.0,3.0,23.52941176,17.64705882,44.11764706,8.823529412,5.882352941,0.0,0.0,0.0
2019-09,National,CHAMBERY CHALLES LES EAUX,PARIS LYON,189,151,1,125,9.0376,7.466777778,39,28.59444444,9.844,34,31.11617647,11.0,1.0,30.76923077,30.76923077,30.76923077,0.0,2.564102564,5.128205128,0.0,0.0
2019-09,National,PARIS EST,STRASBOURG,116,515,5,374,4.320543672,3.107385621,35,31.54857143,2.717875817,28,36.36666667,13.0,4.0,28.57142857,20.0,17.14285714,22.85714286,5.714285714,5.714285714,0.0,0.0
2019-09,National,PARIS LYON,MULHOUSE VILLE,168,294,1,95,3.985789474,1.0278157,32,42.10520833,5.23589306,22,55.44469697,10.0,2.0,25.0,0.0,18.75,43.75,12.5,0.0,0.0,0.0
2019-09,National,BELLEGARDE (AIN),PARIS LYON,163,220,1,212,4.454716981,4.30456621,30,26.16833333,4.763394216,19,34.55614035,11.0,0.0,33.33333333,23.33333333,23.33333333,6.666666667,6.666666667,6.666666667,0.0,0.0
2019-09,National,DIJON VILLE,PARIS LYON,99,408,0,345,4.886811594,4.109068627,46,28.60036232,4.466584967,31,36.42150538,14.0,4.0,15.55555556,37.77777778,31.11111111,6.666666667,4.444444444,4.444444444,0.0,0.0
2019-10,National,CHAMBERY CHALLES LES EAUX,PARIS LYON,190,148,2,121,9.640633609,7.952853881,44,25.725,9.279109589,40,26.83666667,12.0,0.0,20.45454545,11.36363636,61.36363636,4.545454545,2.272727273,0.0,0.0,0.0
2019-10,National,DIJON VILLE,PARIS LYON,98,418,5,373,4.852323503,4.368280872,46,27.2442029,4.518401937,34,37.30959596,15.0,6.0,18.60465116,23.25581395,34.88372093,11.62790698,6.976744186,4.651162791,0.0,0.0
2019-10,National,PARIS LYON,MULHOUSE VILLE,168,296,4,100,6.0845,1.793550228,31,33.5155914,4.289840183,24,39.82708333,9.0,5.0,19.35483871,25.80645161,22.58064516,16.12903226,16.12903226,0.0,0.0,0.0
2019-10,National,BELLEGARDE (AIN),PARIS LYON,162,225,4,211,4.931753555,4.699321267,23,23.0884058,3.309577677,14,29.83809524,5.0,1.0,18.18181818,9.090909091,54.54545455,13.63636364,4.545454545,0.0,0.0,0.0
2019-10,National,PARIS EST,STRASBOURG,115,534,7,384,5.615364583,4.031688805,49,27.52278912,2.991967109,36,33.27731481,17.0,3.0,23.91304348,19.56521739,19.56521739,26.08695652,10.86956522,0.0,0.0,0.0
2019-11,National,PARIS EST,STRASBOURG,115,525,10,361,3.389981533,2.310032362,53,28.17924528,3.464822006,38,34.21282051,14.0,4.0,23.07692308,26.92307692,7.692307692,28.84615385,9.615384615,3.846153846,0.0,0.0
2019-11,National,PARIS LYON,MULHOUSE VILLE,167,305,3,90,8.209074074,2.165728477,29,44.04022989,5.329470199,24,50.87083333,19.0,7.0,10.34482759,31.03448276,13.79310345,37.93103448,6.896551724,0.0,0.0,0.0
2019-11,National,BELLEGARDE (AIN),PARIS LYON,162,221,3,204,5.391013072,5.031039755,29,25.08908046,3.748012232,16,35.446875,5.0,2.0,13.79310345,13.79310345,51.72413793,13.79310345,0.0,6.896551724,0.0,0.0
2019-11,National,CHAMBERY CHALLES LES EAUX,PARIS LYON,188,152,0,127,12.02979003,10.0125,32,28.09739583,7.636622807,26,31.5775641,9.0,2.0,21.875,15.625,43.75,15.625,3.125,0.0,0.0,0.0
2019-11,National,DIJON VILLE,PARIS LYON,98,424,4,377,5.347833775,4.785396825,52,31.59262821,5.617142857,36,40.25509259,15.0,6.0,13.46153846,30.76923077,38.46153846,13.46153846,1.923076923,1.923076923,0.0,0.0
2019-12,National,BELLEGARDE (AIN),PARIS LYON,164,98,13,78,5.96025641,5.437254902,19,35.8877193,8.835490196,16,40.35416667,10.0,1.0,73.68421053,0.0,10.52631579,10.52631579,5.263157895,0.0,0.0,0.0
2019-12,National,PARIS EST,STRASBOURG,114,283,38,183,2.52723133,1.807278912,23,26.52681159,3.737891156,26,32.44855072,8.0,0.0,13.63636364,9.090909091,31.81818182,18.18181818,22.72727273,4.545454545,0.0,0.0
2019-12,National,CHAMBERY CHALLES LES EAUX,PARIS LYON,195,99,17,66,19.00176768,15.20426829,21,43.95634921,12.34512195,18,49.47407407,11.0,5.0,23.80952381,19.04761905,33.33333333,9.523809524,9.523809524,4.761904762,0.0,0.0
2019-12,National,DIJON VILLE,PARIS LYON,99,187,29,151,5.812472406,5.544831224,24,26.73680556,5.613924051,15,35.57555556,5.0,2.0,33.33333333,29.16666667,20.83333333,4.166666667,8.333333333,4.166666667,0.0,0.0
2019-12,National,PARIS LYON,MULHOUSE VILLE,167,158,17,64,4.37734375,1.750118203,31,23.16129032,6.76678487,23,26.96594203,6.0,1.0,74.19354839,3.225806452,9.677419355,6.451612903,0.0,6.451612903,0.0,0.0
2020-01,National,CHAMBERY CHALLES LES EAUX,PARIS LYON,190,191,10,142,11.38004695,8.845856354,40,28.17916667,7.228176796,35,30.50095238,16.0,1.0,12.82051282,20.51282051,48.71794872,2.564102564,10.25641026,5.128205128,0.0,0.0
2020-01,National,DIJON VILLE,PARIS LYON,99,326,15,271,4.57398524,3.963504823,32,22.43020833,2.242550911,14,35.33214286,4.0,2.0,38.70967742,12.90322581,32.25806452,9.677419355,3.225806452,3.225806452,0.0,0.0
2020-01,National,PARIS LYON,MULHOUSE VILLE,169,249,13,119,6.481372549,3.091313559,37,35.06981982,6.823446328,29,41.41666667,14.0,7.0,16.21621622,27.02702703,18.91891892,32.43243243,2.702702703,2.702702703,0.0,0.0
2020-01,National,PARIS EST,STRASBOURG,114,444,20,311,1.39807074,0.960220126,15,22.85333333,0.663600629,9,29.96111111,3.0,1.0,6.666666667,46.66666667,6.666666667,26.66666667,13.33333333,0.0,0.0,0.0
2020-01,National,BELLEGARDE (AIN),PARIS LYON,164,170,10,126,2.863359788,2.205625,11,34.26515152,1.9328125,6,53.20277778,4.0,1.0,45.45454545,9.090909091,27.27272727,9.090909091,9.090909091,0.0,0.0,0.0
2020-02,National,BELLEGARDE (AIN),PARIS LYON,164,244,3,185,2.854684685,2.127939142,16,25.59479167,1.894190871,8,37.70416667,4.0,1.0,6.25,25.0,25.0,12.5,18.75,12.5,0.0,0.0
2020-02,National,PARIS EST,STRASBOURG,117,515,12,407,2.752211302,2.178197482,42,41.96111111,3.832571239,29,55.35402299,14.0,6.0,21.42857143,26.19047619,9.523809524,38.0952381,2.380952381,2.380952381,0.0,0.0
2020-02,National,CHAMBERY CHALLES LES EAUX,PARIS LYON,189,252,1,201,9.044776119,6.912549801,65,24.91666667,7.652124834,48,29.546875,17.0,3.0,12.30769231,18.46153846,52.30769231,6.153846154,6.153846154,4.615384615,0.0,0.0
2020-02,National,DIJON VILLE,PARIS LYON,99,385,7,319,6.834482759,5.741269841,42,39.88095238,4.208465608,28,53.71130952,16.0,6.0,28.57142857,23.80952381,28.57142857,14.28571429,4.761904762,0.0,0.0,0.0
2020-02,National,PARIS LYON,MULHOUSE VILLE,168,294,7,136,5.538602941,2.457375145,27,50.57407407,5.507084785,21,61.50952381,15.0,8.0,29.62962963,37.03703704,11.11111111,18.51851852,3.703703704,0.0,0.0,0.0
2020-03,National,BELLEGARDE (AIN),PARIS LYON,164,164,15,127,10.79146982,9.158389262,34,35.32058824,8.561744966,27,41.15123457,19.0,3.0,0.0,67.64705882,17.64705882,11.76470588,0.0,2.941176471,0.0,0.0
2020-03,National,CHAMBERY CHALLES LES EAUX,PARIS LYON,187,137,18,86,6.821705426,4.819327731,23,34.04202899,7.518767507,15,46.17777778,10.0,5.0,9.090909091,18.18181818,40.90909091,18.18181818,4.545454545,9.090909091,0.0,0.0
2020-03,National,PARIS LYON,MULHOUSE VILLE,168,194,13,94,3.896985816,1.888766114,33,25.93636364,5.97053407,27,28.92592593,7.0,3.0,6.25,18.75,12.5,28.125,0.0,34.375,0.0,0.0
2020-03,National,PARIS EST,STRASBOURG,136,282,30,217,3.734946237,3.179695767,75,44.00466667,13.24636243,67,47.81318408,53.0,14.0,77.04918033,6.557377049,8.196721311,4.918032787,3.278688525,0.0,0.0,0.0
2020-03,National,DIJON VILLE,PARIS LYON,98,253,23,182,4.655311355,3.640507246,17,44.90588235,2.995652174,13,54.93974359,9.0,4.0,29.41176471,35.29411765,11.76470588,11.76470588,5.882352941,5.882352941,0.0,0.0
2020-04,National,DIJON VILLE,PARIS LYON,102,50,22,26,14.8224359,13.71130952,9,20.56666667,7.189880952,6,24.54722222,2.0,0.0,0.0,44.44444444,0.0,22.22222222,11.11111111,22.22222222,0.0,0.0
2020-04,National,BELLEGARDE (AIN),PARIS LYON,0,0,14,0,0.0,0.0,0,0.0,0.0,0,0.0,0.0,0.0,0.0,0.0,0.0,0.0,0.0,0.0,0.0,0.0
2020-04,National,PARIS LYON,MULHOUSE VILLE,173,34,15,6,2.880555556,0.420175439,10,29.235,16.05263158,10,29.235,4.0,0.0,10.0,40.0,0.0,0.0,0.0,50.0,0.0,0.0
2020-04,National,PARIS EST,STRASBOURG,178,40,35,5,1.253333333,1.253333333,3,38.46111111,23.98,3,38.46111111,3.0,0.0,0.0,0.0,0.0,0.0,0.0,0.0,0.0,0.0
2020-04,National,CHAMBERY CHALLES LES EAUX,PARIS LYON,0,0,13,0,0.0,0.0,0,0.0,0.0,0,0.0,0.0,0.0,0.0,0.0,0.0,0.0,0.0,0.0,0.0,0.0
2020-05,National,BELLEGARDE (AIN),PARIS LYON,164,44,10,21,9.386507937,5.71127451,3,56.12777778,3.145588235,2,77.71666667,1.0,1.0,0.0,66.66666667,33.33333333,0.0,0.0,0.0,0.0,0.0
2020-05,National,PARIS EST,STRASBOURG,151,155,30,107,1.963395639,1.651066667,8,79.21666667,3.3444,7,88.86428571,4.0,3.0,37.5,25.0,25.0,12.5,0.0,0.0,0.0,0.0
2020-05,National,CHAMBERY CHALLES LES EAUX,PARIS LYON,189,36,9,23,6.613768116,5.628395062,1,17.38333333,0.675925926,1,17.38333333,0.0,0.0,0.0,0.0,100.0,0.0,0.0,0.0,0.0,0.0
2020-05,National,DIJON VILLE,PARIS LYON,103,122,22,86,5.275581395,4.485,11,20.32424242,3.244833333,7,25.13333333,1.0,0.0,9.090909091,27.27272727,27.27272727,18.18181818,9.090909091,9.090909091,0.0,0.0
2020-05,National,PARIS LYON,MULHOUSE VILLE,177,96,15,29,2.55,0.542798354,3,67.16666667,3.031069959,3,67.16666667,2.0,1.0,33.33333333,33.33333333,0.0,33.33333333,0.0,0.0,0.0,0.0
2020-06,National,BELLEGARDE (AIN),PARIS LYON,164,99,10,55,2.311515152,1.353932584,6,42.23888889,2.664419476,5,48.23333333,2.0,2.0,0.0,75.0,0.0,0.0,25.0,0.0,0.0,0.0
2020-06,National,DIJON VILLE,PARIS LYON,103,199,14,166,2.500903614,2.221081081,8,27.53958333,2.218198198,4,41.12916667,2.0,1.0,14.28571429,42.85714286,14.28571429,0.0,0.0,28.57142857,0.0,0.0
2020-06,National,PARIS EST,STRASBOURG,154,283,22,239,1.483124128,1.189399745,12,24.16944444,0.351787995,10,26.36166667,2.0,0.0,18.18181818,54.54545455,9.090909091,9.090909091,9.090909091,0.0,0.0,0.0
2020-06,National,PARIS LYON,MULHOUSE VILLE,178,165,11,65,1.338205128,0.371645022,10,26.585,2.756277056,7,30.99791667,3.0,1.0,14.28571429,28.57142857,14.28571429,42.85714286,0.0,0.0,0.0,0.0
2020-06,National,CHAMBERY CHALLES LES EAUX,PARIS LYON,187,126,6,102,13.37973856,11.33763889,33,40.89848485,11.81125,31,42.84677419,15.0,4.0,42.85714286,25.0,14.28571429,14.28571429,3.571428571,0.0,0.0,0.0
2020-07,National,CHAMBERY CHALLES LES EAUX,PARIS LYON,194,112,2,95,11.35105263,9.771363636,27,32.87839506,9.631212121,21,38.61428571,10.0,2.0,51.85185185,14.81481481,25.92592593,0.0,7.407407407,0.0,0.0,0.0
2020-07,National,PARIS LYON,MULHOUSE VILLE,171,251,10,116,2.56091954,1.060719225,20,44.24916667,4.335062241,15,55.16333333,9.0,4.0,50.0,15.0,0.0,30.0,0.0,5.0,0.0,0.0
2020-07,National,BELLEGARDE (AIN),PARIS LYON,169,205,7,148,2.69786036,1.930555556,19,21.76578947,2.73013468,11,28.90151515,3.0,1.0,26.31578947,26.31578947,26.31578947,0.0,10.52631579,10.52631579,0.0,0.0
2020-07,National,DIJON VILLE,PARIS LYON,103,250,9,219,3.4652207,3.136168741,9,29.47222222,2.156362379,5,43.26666667,3.0,1.0,33.33333333,33.33333333,11.11111111,0.0,11.11111111,11.11111111,0.0,0.0
2020-07,National,PARIS EST,STRASBOURG,157,372,12,323,2.178895769,1.936388889,21,36.77142857,1.327824074,16,44.425,9.0,3.0,35.0,50.0,5.0,10.0,0.0,0.0,0.0,0.0
2020-08,National,DIJON VILLE,PARIS LYON,103,250,4,222,6.164489489,5.542073171,23,30.98550725,5.196138211,21,54.66491228,10.0,7.0,8.695652174,43.47826087,30.43478261,4.347826087,8.695652174,4.347826087,0.0,0.0
2020-08,National,PARIS LYON,MULHOUSE VILLE,171,248,3,95,3.017894737,0.963197279,20,31.68916667,2.982244898,16,36.65729167,10.0,2.0,15.0,25.0,25.0,30.0,5.0,0.0,0.0,0.0
2020-08,National,BELLEGARDE (AIN),PARIS LYON,171,207,3,141,3.121631206,2.049673203,25,22.05733333,3.235702614,18,25.84166667,3.0,1.0,12.0,40.0,20.0,20.0,0.0,8.0,0.0,0.0
2020-08,National,PARIS EST,STRASBOURG,157,377,3,326,2.309662577,1.990196078,21,58.80396825,3.660784314,18,66.75185185,14.0,7.0,38.0952381,23.80952381,0.0,28.57142857,9.523809524,0.0,0.0,0.0
2020-08,National,CHAMBERY CHALLES LES EAUX,PARIS LYON,195,107,4,91,10.65054945,9.385436893,28,29.64404762,9.733656958,23,33.1884058,7.0,2.0,28.57142857,21.42857143,42.85714286,3.571428571,0.0,3.571428571,0.0,0.0
2020-09,National,PARIS EST,STRASBOURG,155,367,3,304,2.481469298,2.03228022,17,29.95686275,1.066117216,12,37.37361111,6.0,1.0,23.52941176,17.64705882,23.52941176,29.41176471,5.882352941,0.0,0.0,0.0
2020-09,National,BELLEGARDE (AIN),PARIS LYON,167,204,3,147,2.713038549,1.919237148,23,31.81376812,4.904311774,17,39.12352941,6.0,1.0,17.39130435,30.43478261,13.04347826,26.08695652,8.695652174,4.347826087,0.0,0.0
2020-09,National,PARIS LYON,MULHOUSE VILLE,172,275,1,128,3.832161458,1.604805353,24,29.69236111,3.507664234,14,42.45833333,10.0,3.0,12.5,33.33333333,12.5,33.33333333,8.333333333,0.0,0.0,0.0
2020-09,National,CHAMBERY CHALLES LES EAUX,PARIS LYON,189,134,2,98,5.98622449,4.368560606,27,22.35,6.80530303,19,26.60263158,5.0,0.0,33.33333333,22.22222222,37.03703704,7.407407407,0.0,0.0,0.0,0.0
2020-09,National,DIJON VILLE,PARIS LYON,101,358,1,269,3.341078067,2.469561158,24,27.84583333,3.234593838,11,46.26212121,7.0,2.0,12.5,25.0,33.33333333,16.66666667,12.5,0.0,0.0,0.0
2020-10,National,PARIS EST,STRASBOURG,132,288,6,231,4.527849928,3.674822695,25,41.96666667,4.955791962,18,53.25462963,9.0,7.0,56.0,20.0,8.0,16.0,0.0,0.0,0.0,0.0
2020-10,National,CHAMBERY CHALLES LES EAUX,PARIS LYON,185,116,2,90,9.379814815,7.346052632,26,32.18076923,8.940643275,21,36.73492063,9.0,4.0,23.07692308,30.76923077,34.61538462,11.53846154,0.0,0.0,0.0,0.0
2020-10,National,PARIS LYON,MULHOUSE VILLE,172,157,0,89,2.886329588,1.482696391,15,27.76777778,4.407961783,10,35.45,7.0,0.0,26.66666667,20.0,6.666666667,40.0,6.666666667,0.0,0.0,0.0
2020-10,National,BELLEGARDE (AIN),PARIS LYON,164,95,2,71,5.128638498,3.831541219,15,48.43222222,9.603763441,12,57.41388889,9.0,5.0,16.66666667,50.0,8.333333333,25.0,0.0,0.0,0.0,0.0
2020-10,National,DIJON VILLE,PARIS LYON,100,250,5,200,4.329166667,3.496666667,25,26.70133333,3.605782313,18,32.60092593,6.0,1.0,20.0,40.0,28.0,8.0,0.0,4.0,0.0,0.0
2020-11,National,PARIS EST,STRASBOURG,123,127,20,45,2.752222222,-1.55529595,6,25.63888889,1.463084112,5,27.93,1.0,0.0,33.33333333,0.0,0.0,66.66666667,0.0,0.0,0.0,0.0
2020-11,National,CHAMBERY CHALLES LES EAUX,PARIS LYON,189,75,5,55,7.60969697,5.915238095,10,21.77,5.878095238,8,30.58571429,2.0,0.0,30.0,40.0,30.0,0.0,0.0,0.0,0.0,0.0
2020-11,National,DIJON VILLE,PARIS LYON,101,85,19,63,6.332539683,6.028535354,8,24.95833333,3.325,5,32.77333333,3.0,0.0,0.0,62.5,25.0,0.0,12.5,0.0,0.0,0.0
2020-11,National,BELLEGARDE (AIN),PARIS LYON,168,52,5,23,5.170289855,2.404609929,2,59.93333333,1.417375887,2,59.93333333,1.0,1.0,50.0,50.0,0.0,0.0,0.0,0.0,0.0,0.0
2020-11,National,PARIS LYON,MULHOUSE VILLE,170,69,10,17,1.680392157,0.224858757,7,32.46904762,6.481073446,3,59.71666667,1.0,1.0,14.28571429,71.42857143,14.28571429,0.0,0.0,0.0,0.0,0.0
2020-12,National,CHAMBERY CHALLES LES EAUX,PARIS LYON,187,140,9,93,6.724193548,4.670610687,20,21.995,4.711704835,17,28.42777778,3.0,1.0,45.0,25.0,25.0,0.0,5.0,0.0,0.0,0.0
2020-12,National,PARIS EST,STRASBOURG,131,369,21,136,4.199632353,1.441858238,15,42.43555556,1.677586207,14,44.6202381,5.0,2.0,20.0,33.33333333,0.0,33.33333333,6.666666667,6.666666667,0.0,0.0
2020-12,National,BELLEGARDE (AIN),PARIS LYON,166,136,6,72,2.943287037,1.496666667,4,41.2375,0.551282051,4,41.2375,3.0,1.0,25.0,25.0,25.0,25.0,0.0,0.0,0.0,0.0
2020-12,National,PARIS LYON,MULHOUSE VILLE,169,219,11,75,3.323333333,0.979086538,14,58.52380952,4.845112179,14,58.52380952,8.0,3.0,50.0,21.42857143,0.0,28.57142857,0.0,0.0,0.0,0.0
2020-12,National,DIJON VILLE,PARIS LYON,98,271,17,185,3.706396396,2.648753281,11,40.07575758,0.977690289,9,46.26481481,6.0,2.0,54.54545455,27.27272727,9.090909091,0.0,0.0,9.090909091,0.0,0.0
2021-01,National,BELLEGARDE (AIN),PARIS LYON,165,170,0,48,6.956944444444441,1.946470588,19,29.97017544,1.895098039,17,32.09313725,6.0,3.0,42.105263157894704,15.78947368,21.05263158,15.78947368,5.263157895,0.0,0.0,0.0
2021-01,National,DIJON VILLE,PARIS LYON,98,255,1,77,8.389393939,2.670318725,19,47.29824561,1.563678619,15,56.57111111,11.0,3.0,31.57894737,26.31578947,15.78947368,10.52631579,15.78947368,0.0,0.0,0.0
2021-01,National,PARIS LYON,MULHOUSE VILLE,170,205,0,14,11.1202381,0.625691057,13,41.97820513,3.364796748,13,41.97820513,6.0,3.0,38.46153846,30.76923077,23.07692308,7.692307692,0.0,0.0,0.0,0.0
2021-01,National,CHAMBERY CHALLES LES EAUX,PARIS LYON,182,234,1,132,10.24457071,5.758226037,57,28.73684211,7.208154506,46,32.30833333,18.0,2.0,49.12280702,14.03508772,29.8245614,1.754385965,0.0,5.263157895,0.0,0.0
2021-01,National,PARIS EST,STRASBOURG,129,477,9,68,17.59852941,2.41292735,53,46.38490566,5.711217948717949,34,64.32156863,18.0,6.0,50.0,15.38461538,7.692307692,15.38461538,1.923076923,9.615384615,0.0,0.0
2021-02,National,DIJON VILLE,PARIS LYON,98,246,1,86,7.418023255813961,2.66414966,13,54.18461538,2.483605442,8,79.88333333,4.0,3.0,15.38461538,46.15384615,15.38461538,23.07692308,0.0,0.0,0.0,0.0
2021-02,National,CHAMBERY CHALLES LES EAUX,PARIS LYON,183,232,0,136,10.85318627,6.300574713,72,40.61689815,12.9108477,68,42.12622549,27.0,19.0,38.57142857,14.28571429,31.42857143,12.85714286,2.857142857,0.0,0.0,0.0
2021-02,National,PARIS LYON,MULHOUSE VILLE,170,209,0,10,18.67166667,0.810446571,13,69.81153846,5.488357257,11,80.28939394,9.0,7.0,15.38461538,38.46153846,0.0,30.76923077,0.0,15.38461538,0.0,0.0
2021-02,National,BELLEGARDE (AIN),PARIS LYON,165,136,0,41,7.269105691,2.177696078,21,42.10238095,5.508946078,19,45.35,13.0,4.0,15.78947368,15.78947368,31.57894737,21.05263158,10.52631579,5.263157895,0.0,0.0
2021-02,National,PARIS EST,STRASBOURG,129,344,0,67,7.650248756,1.475146199,23,26.25,1.8231481481481493,17,30.50882353,5.0,1.0,39.130434782608695,21.73913043,0.0,26.08695652,13.043478260869602,0.0,0.0,0.0
2021-03,National,CHAMBERY CHALLES LES EAUX,PARIS LYON,180,185,2,106,12.40471698,7.205555556,30,35.14,5.574954463,29,35.82816092,10.0,4.0,60.0,10.0,10.0,10.0,6.666666667,3.333333333,0.0,0.0
2021-03,National,PARIS EST,STRASBOURG,129,396,16,47,11.18794326,1.424342105,20,31.4075,1.584385965,20,31.4075,8.0,0.0,15.0,10.0,20.0,15.0,10.0,30.0,0.0,0.0
2021-03,National,BELLEGARDE (AIN),PARIS LYON,163,107,3,23,5.305072464,1.133173077,7,55.05952381,2.90625,5,71.44666667,3.0,3.0,42.85714286,28.57142857,14.28571429,0.0,14.28571429,0.0,0.0,0.0
2021-03,National,DIJON VILLE,PARIS LYON,98,239,12,61,10.44863388,2.897185185,17,84.82156863,3.727185185,13,106.8961538,9.0,7.0,35.29411765,41.17647059,11.76470588,5.882352941,0.0,5.882352941,0.0,0.0
2021-03,National,PARIS LYON,MULHOUSE VILLE,171,192,6,11,13.66212121,0.648476703,10,67.71,3.753494624,9,73.83888889,6.0,5.0,40.0,20.0,10.0,10.0,10.0,10.0,0.0,0.0
2021-04,National,PARIS EST,STRASBOURG,126,449,143,37,9.341891892,1.208496732,15,32.72888889,0.152396514,12,37.66666667,8.0,0.0,14.28571429,14.28571429,0.0,35.71428571,7.142857143,28.57142857,0.0,0.0
2021-04,National,DIJON VILLE,PARIS LYON,97,282,94,58,8.268390805,2.573315603,10,36.86333333,1.455053191,6,52.31111111,2.0,1.0,0.0,30.0,10.0,30.0,20.0,10.0,0.0,0.0
2021-04,National,PARIS LYON,MULHOUSE VILLE,173,216,96,9,4.853703704,0.246527778,4,49.72916667,2.234027778,3,61.98333333,2.0,1.0,0.0,25.0,0.0,50.0,0.0,25.0,0.0,0.0
2021-04,National,BELLEGARDE (AIN),PARIS LYON,162,100,36,23,6.118115942,2.205729167,2,50.8,-0.006510417,2,50.8,1.0,1.0,0.0,0.0,0.0,100.0,0.0,0.0,0.0,0.0
2021-04,National,CHAMBERY CHALLES LES EAUX,PARIS LYON,180,154,35,93,10.62849462,8.208263305,23,23.59782609,4.585994398,19,25.3745614,2.0,1.0,65.2173913,0.0,34.78260869565219,0.0,0.0,0.0,0.0,0.0
2021-05,National,CHAMBERY CHALLES LES EAUX,PARIS LYON,183,147,3,97,12.839347079037802,8.570601852,52,26.44102564,10.57962963,43,29.02984496,12.0,2.0,73.07692308,13.46153846,3.846153846,9.615384615,0.0,0.0,0.0,0.0
2021-05,National,BELLEGARDE (AIN),PARIS LYON,162,109,8,44,6.725378788,2.931683168,16,43.23020833,6.254620462,10,61.59333333333329,7.0,2.0,18.75,43.75,18.75,6.25,0.0,12.5,0.0,0.0
2021-05,National,PARIS EST,STRASBOURG,124,428,34,38,7.151754386,0.7660744500846018,16,33.33333333,0.62643824,11,41.81818182,8.0,1.0,6.25,37.5,0.0,18.75,0.0,37.5,0.0,0.0
2021-05,National,DIJON VILLE,PARIS LYON,98,299,13,72,5.712731481,1.50460373,10,16.57833333,0.391491841,4,22.18333333,1.0,0.0,0.0,11.111111111111098,44.44444444444439,11.111111111111098,11.111111111111098,22.22222222,0.0,0.0
2021-05,National,PARIS LYON,MULHOUSE VILLE,173,203,16,17,19.50882353,1.601693405,8,41.78125,1.806951872,6,51.23333333,3.0,1.0,25.0,25.0,0.0,12.5,12.5,25.0,0.0,0.0
2021-06,National,BELLEGARDE (AIN),PARIS LYON,161,120,0,32,5.8953125,1.6112500000000003,9,25.15,0.758333333,6,30.441666666666706,3.0,0.0,0.0,66.66666667,11.11111111,11.11111111,0.0,11.11111111,0.0,0.0
2021-06,National,CHAMBERY CHALLES LES EAUX,PARIS LYON,183,141,0,95,12.551052631578898,8.418452381,40,29.84416667,9.634166667,38,30.66754386,11.0,2.0,67.5,5.0,15.0,7.5,2.5,2.5,0.0,0.0
2021-06,National,DIJON VILLE,PARIS LYON,98,297,0,82,9.16199187,2.601858108,15,45.75666667,1.973198198,8,74.01666667,6.0,5.0,40.0,20.0,6.666666667,26.66666667,6.666666667,0.0,0.0,0.0
2021-06,National,PARIS EST,STRASBOURG,125,410,2,63,14.97724868,2.414665033,25,43.55,2.381576797,23,46.28623188,16.0,5.0,8.0,40.0,4.0,28.000000000000004,12.0,8.0,0.0,0.0
2021-06,National,PARIS LYON,MULHOUSE VILLE,172,222,0,15,18.45,1.079279279,12,27.6,1.752102102,9,32.18888889,3.0,1.0,27.27272727,18.18181818,0.0,27.27272727,27.27272727,0.0,0.0,0.0
2021-07,National,CHAMBERY CHALLES LES EAUX,PARIS LYON,194,164,1,113,14.68613569,10.10869121,50,28.071666666666697,9.942535787,44,30.15113636,22.0,1.0,60.0,12.0,10.0,14.000000000000002,4.0,0.0,0.0,0.0
2021-07,National,DIJON VILLE,PARIS LYON,98,303,0,96,10.315625,3.312181617,20,37.7625,1.706810631,10,61.345000000000006,7.0,5.0,10.52631579,15.78947368,15.78947368,21.05263158,15.78947368,21.05263158,0.0,0.0
2021-07,National,BELLEGARDE (AIN),PARIS LYON,163,177,0,62,4.552956989,1.666384181,20,18.58333333,2.378907721,10,23.555,2.0,0.0,25.0,30.0,20.0,0.0,15.0,10.0,0.0,0.0
2021-07,National,PARIS EST,STRASBOURG,125,510,1,72,13.31342593,1.990242305,21,43.3515873,0.919155206,18,48.60185185,12.0,6.0,14.28571429,0.0,4.761904762,47.61904762,14.28571429,19.04761905,0.0,0.0
2021-07,National,PARIS LYON,MULHOUSE VILLE,170,237,0,21,16.11190476,1.291842475,21,33.6031746,3.572292546,18,36.96018519,9.0,2.0,4.761904762,23.80952381,9.523809524,33.33333333,4.761904762,23.80952381,0.0,0.0
2021-08,National,BELLEGARDE (AIN),PARIS LYON,164,179,1,89,6.192883895131071,3.0069288389513105,24,24.62361111,4.738857678,11,38.71363636,5.0,2.0,12.5,29.166666666666703,45.83333333,4.166666666666671,8.333333333,0.0,0.0,0.0
2021-08,National,CHAMBERY CHALLES LES EAUX,PARIS LYON,195,171,1,121,15.43085399,10.99418146,51,28.01862745,11.47366864,51,28.018627450980404,14.0,1.0,58.823529411764696,11.76470588,15.68627451,7.843137255,5.882352941,0.0,0.0,0.0
2021-08,National,PARIS LYON,MULHOUSE VILLE,170,241,0,20,9.296666667,0.611479945,8,22.85625,1.602627939,4,32.55416667,2.0,0.0,37.5,0.0,12.5,12.5,25.0,12.5,0.0,0.0
2021-08,National,DIJON VILLE,PARIS LYON,99,302,0,92,8.706521739,2.711944444,11,45.94545455,1.624166667,10,49.09333333,5.0,2.0,36.36363636,27.27272727,0.0,18.18181818,0.0,18.18181818,0.0,0.0
2021-08,National,PARIS EST,STRASBOURG,125,519,4,88,8.661174242,1.605695793,26,23.53141026,0.161941748,20,26.66166667,4.0,0.0,7.692307692,15.38461538,3.846153846,19.23076923,11.53846154,42.30769231,0.0,0.0
2021-09,National,PARIS EST,STRASBOURG,123,511,0,88,10.98920455,1.990606654,21,40.69761905,1.301826484,18,45.16759259,9.0,3.0,19.04761905,14.28571429,0.0,19.04761905,0.0,47.61904762,0.0,0.0
2021-09,National,PARIS LYON,MULHOUSE VILLE,173,256,0,32,15.0328125,1.793880208,18,30.14722222,1.614908854,14,35.02857143,4.0,2.0,16.66666667,27.77777778,5.555555555555561,11.11111111,33.33333333,5.555555555555561,0.0,0.0
2021-09,National,BELLEGARDE (AIN),PARIS LYON,164,188,0,51,5.994444444444441,1.590514184,20,36.475,4.61108156,13,48.56025641,7.0,3.0,30.0,35.0,10.0,0.0,0.0,25.0,0.0,0.0
2021-09,National,DIJON VILLE,PARIS LYON,99,323,0,98,7.097278911564621,2.248654244,31,33.75107527,3.7772256728778495,23,41.07463768,12.0,4.0,12.903225806451598,29.032258064516096,35.48387097,9.677419355,6.4516129032258105,6.4516129032258105,0.0,0.0
2021-09,National,CHAMBERY CHALLES LES EAUX,PARIS LYON,183,144,1,93,14.462186379928298,9.314568765,64,33.98489583,17.52995338,56,36.89583333,28.0,3.0,56.25,14.0625,26.5625,0.0,3.125,0.0,0.0,0.0
2021-10,National,DIJON VILLE,PARIS LYON,99,302,0,149,7.962416107382549,4.020376523,32,38.22447917,5.734219269,24,46.33263889,12.0,5.0,13.79310345,34.48275862,6.896551724,24.13793103,3.448275862,17.24137931,0.0,0.0
2021-10,National,PARIS EST,STRASBOURG,123,551,0,133,10.52844612,2.558681186,43,29.65426357,2.192256503,29,37.18965517,17.0,1.0,14.28571429,16.66666667,2.380952381,28.57142857,21.428571428571395,16.66666667,0.0,0.0
2021-10,National,BELLEGARDE (AIN),PARIS LYON,164,196,0,45,7.527777778,1.720493197,25,25.864,4.23707483,14,36.10952381,5.0,1.0,16.66666667,8.333333333,41.66666667,12.5,4.166666667,16.66666667,0.0,0.0
2021-10,National,PARIS LYON,MULHOUSE VILLE,174,241,0,39,22.14444444,3.404840941,25,41.252,4.557123098,18,51.88981481,11.0,4.0,0.0,8.0,12.0,44.0,20.0,16.0,0.0,0.0
2021-10,National,CHAMBERY CHALLES LES EAUX,PARIS LYON,186,176,0,129,24.38850129,16.45028409,86,31.46744186,16.85653409,70,35.49309524,25.0,8.0,41.86046511627911,18.604651162790702,22.093023255814003,6.976744186,4.651162791,5.813953488,0.0,0.0
2021-11,National,BELLEGARDE (AIN),PARIS LYON,164,190,0,72,4.506481481,1.7363315696648998,19,41.65175439,4.59691358,9,73.27962963,8.0,4.0,52.63157895,10.52631579,21.05263158,10.52631579,0.0,5.263157895,0.0,0.0
2021-11,National,CHAMBERY CHALLES LES EAUX,PARIS LYON,186,160,0,109,16.1587156,10.84760417,69,34.56449275,16.84135417,64,36.22890625,23.0,6.0,30.43478261,8.695652173913041,34.7826087,15.94202899,5.7971014492753605,4.347826086956521,0.0,0.0
2021-11,National,DIJON VILLE,PARIS LYON,99,333,1,162,6.911111111111109,3.46514691,25,36.138,3.201570415,21,40.10079365,9.0,3.0,24.0,8.0,20.0,24.0,8.0,16.0,0.0,0.0
2021-11,National,PARIS EST,STRASBOURG,124,533,1,100,13.40033333,2.56735589,37,34.69234234,2.247556391,33,37.2489899,16.0,5.0,16.21621622,2.702702703,10.81081081,35.13513514,5.405405405,29.72972972972969,0.0,0.0
2021-11,National,PARIS LYON,MULHOUSE VILLE,173,269,0,29,16.64885057,1.66047088,31,45.19032258,4.398636927,29,47.4137931,20.0,6.0,32.25806452,25.80645161,12.903225806451598,16.12903226,6.4516129032258105,6.4516129032258105,0.0,0.0
2021-12,National,BELLEGARDE (AIN),PARIS LYON,163,227,4,69,14.87512077,4.611958146,26,48.88333333,5.808893871449929,20,59.4625,15.0,11.0,54.16666667,4.166666667,25.0,8.333333333333329,8.333333333333329,0.0,0.0,0.0
2021-12,National,CHAMBERY CHALLES LES EAUX,PARIS LYON,176,258,4,155,12.92827957,7.736417323,81,30.194444444444404,10.81948819,63,34.66878307,31.0,5.0,48.14814814814811,9.87654321,18.51851852,14.81481481,2.469135802,6.172839506172839,0.0,0.0
2021-12,National,DIJON VILLE,PARIS LYON,98,358,6,151,7.585540838852099,3.329465138,35,32.22619048,2.796466094,27,37.94259259,13.0,5.0,36.36363636,3.03030303,21.21212121,30.303030303030297,6.060606061,3.03030303,0.0,0.0
2021-12,National,PARIS EST,STRASBOURG,119,577,13,89,14.20749064,2.271808511,37,36.31396396,2.621276596,28,43.55416666666671,17.0,6.0,13.88888889,5.555555556,2.777777778,27.77777778,11.11111111,38.88888889,0.0,0.0
2021-12,National,PARIS LYON,MULHOUSE VILLE,171,295,2,36,23.81157407,2.785210466,31,40.44462366,3.969169511,25,46.65599999999999,16.0,4.0,24.13793103,3.448275862,10.34482759,44.827586206896605,13.79310345,3.448275862,0.0,0.0
2022-01,National,PARIS EST,STRASBOURG,116,511,11,80,10.25895833,1.6111,24,36.92986111,2.070666667,19,43.4377193,8.0,4.0,0.0,16.66666667,16.66666667,37.5,16.66666667,12.5,0.0,0.0
2022-01,National,PARIS LYON,MULHOUSE VILLE,170,301,2,24,14.22291667,0.943088071,16,50.84270833,2.657302118,12,63.65277778,9.0,4.0,37.5,25.0,0.0,37.5,0.0,0.0,0.0,0.0
2022-01,National,CHAMBERY CHALLES LES EAUX,PARIS LYON,175,321,0,176,9.47907197,5.022326064,61,28.85027322,5.979439252,42,36.23611111,16.0,5.0,21.31147541,14.754098360655703,37.70491803,16.39344262,0.0,9.836065574,0.0,0.0
2022-01,National,BELLEGARDE (AIN),PARIS LYON,163,219,0,69,3.164251208,1.0152207,10,26.71166667,1.260730594,7,32.47857143,3.0,0.0,40.0,40.0,10.0,10.0,0.0,0.0,0.0,0.0
2022-01,National,DIJON VILLE,PARIS LYON,98,342,0,99,8.605218855,2.521632252,18,38.52592593,1.473893805,15,43.68444444,7.0,3.0,22.22222222,27.77777778,5.555555555555561,38.88888889,0.0,5.555555555555561,0.0,0.0
2022-02,National,BELLEGARDE (AIN),PARIS LYON,163,184,0,67,4.415671642,1.638586957,8,20.16041667,0.526358696,5,24.21333333,1.0,0.0,0.0,50.0,25.0,25.0,0.0,0.0,0.0,0.0
2022-02,National,CHAMBERY CHALLES LES EAUX,PARIS LYON,177,317,0,192,12.093663194444398,7.15615142,72,32.42662037,7.590536278,58,37.03362069,18.0,6.0,38.88888889,5.555555555555561,44.44444444,8.333333333,2.7777777777777803,0.0,0.0,0.0
2022-02,National,PARIS EST,STRASBOURG,117,462,0,54,14.13179012,1.6481240981241003,22,34.53030303,1.778823954,14,46.70595238,8.0,4.0,4.761904762,28.57142857,19.04761905,33.33333333,9.523809524,4.761904762,0.0,0.0
2022-02,National,PARIS LYON,MULHOUSE VILLE,170,260,0,20,7.657500000000001,0.473910256,12,18.43611111,1.57,6,23.60555556,1.0,0.0,27.27272727,36.36363636,9.090909091,18.18181818,0.0,9.090909091,0.0,0.0
2022-02,National,DIJON VILLE,PARIS LYON,98,306,2,86,5.184496124,1.505482456,6,28.65555556,-0.135416667,5,32.17,2.0,0.0,0.0,50.0,0.0,33.33333333,0.0,16.66666667,0.0,0.0
2022-03,National,BELLEGARDE (AIN),PARIS LYON,183,240,0,111,6.0996997,2.857361111,47,34.26134752,6.387430556,38,39.18157895,14.0,3.0,45.00000000000001,10.0,17.5,20.0,7.5,0.0,0.0,0.0
2022-03,National,PARIS EST,STRASBOURG,115,541,17,81,12.60349794,1.994847328,33,34.6969697,2.167811705,25,41.22333333,10.0,6.0,15.151515151515198,15.151515151515198,6.060606061,36.36363636,18.18181818,9.090909091,0.0,0.0
2022-03,National,PARIS LYON,MULHOUSE VILLE,171,264,0,34,18.87303922,2.283522727,29,41.62701149,4.876325758,23,48.861594202898594,17.0,5.0,20.68965517,17.24137931,17.24137931,31.03448276,13.79310345,0.0,0.0,0.0
2022-03,National,CHAMBERY CHALLES LES EAUX,PARIS LYON,176,333,0,205,9.480813008,5.676076076,84,30.69146825,8.307057057,62,36.94354839,15.0,3.0,30.95238095,7.142857143,40.476190476190496,4.761904762,5.952380952,10.71428571,0.0,0.0
2022-03,National,DIJON VILLE,PARIS LYON,98,356,1,115,8.436376812,2.801365348,21,47.81428571,2.483474576,13,68.84102564,10.0,5.0,23.80952381,19.04761905,33.33333333,19.04761905,0.0,4.761904762,0.0,0.0
2022-04,National,BELLEGARDE (AIN),PARIS LYON,189,229,0,63,8.666137566,2.434497817,25,42.486,5.472925764,20,49.9625,12.0,4.0,40.0,8.0,16.0,16.0,12.0,8.0,0.0,0.0
2022-04,National,DIJON VILLE,PARIS LYON,99,378,0,142,11.65492958,4.467592593,43,41.78914729,4.765608466,26,60.61089744,17.0,9.0,30.95238095,19.04761905,35.71428571,9.523809524,4.761904762,0.0,0.0,0.0
2022-04,National,PARIS LYON,MULHOUSE VILLE,170,312,0,35,25.29285714,2.710202991,34,59.07156863,6.338728632,30,65.18055556,22.0,11.0,44.11764706,5.882352941,8.823529412,14.70588235,17.64705882,8.823529412,0.0,0.0
2022-04,National,CHAMBERY CHALLES LES EAUX,PARIS LYON,175,261,1,177,8.613841808,5.750769231,85,28.51039216,11.11121795,65,33.21666667,21.0,5.0,28.57142857,8.333333333,42.85714286,13.095238095238098,2.3809523809523805,4.761904761904761,0.0,0.0
2022-04,National,PARIS EST,STRASBOURG,116,537,2,87,12.68888889,2.031931464,39,31.39316239,2.726604361,26,40.29487179487181,14.0,4.0,12.82051282,0.0,5.128205128,35.8974359,12.82051282,33.33333333,0.0,0.0
2022-05,National,PARIS LYON,MULHOUSE VILLE,170,339,0,32,16.7875,1.50747296,23,32.26449275,2.067453294,20,35.1775,9.0,0.0,22.72727272727269,27.27272727,0.0,31.81818182,18.18181818,0.0,0.0,0.0
2022-05,National,DIJON VILLE,PARIS LYON,99,385,0,164,8.052947154,3.506675393,33,38.37121212,2.639223386,23,49.47318841,11.0,6.0,6.060606061,33.33333333,18.18181818,36.36363636,3.03030303,3.03030303,0.0,0.0
2022-05,National,CHAMBERY CHALLES LES EAUX,PARIS LYON,174,222,0,158,8.696940928,6.148793363,80,26.680208333333297,11.58861237,63,30.19285714,20.0,3.0,17.5,21.25,43.75,13.750000000000002,0.0,3.75,0.0,0.0
2022-05,National,BELLEGARDE (AIN),PARIS LYON,188,235,0,63,9.414814815,2.545390071,18,33.11481481,3.2242553191489294,16,35.5875,5.0,3.0,11.11111111,33.33333333,11.11111111,11.11111111,27.77777778,5.555555555555561,0.0,0.0
2022-05,National,PARIS EST,STRASBOURG,115,562,5,122,15.35519126,3.39551167,56,41.26994048,4.462417714,42,50.5047619,26.0,12.0,21.42857143,12.5,12.5,28.57142857,10.71428571,14.28571429,0.0,0.0
2022-06,National,PARIS LYON,MULHOUSE VILLE,171,314,3,71,23.49014085,5.274919614,54,38.70092593,6.861897106109321,45,43.7762963,19.0,8.0,16.66666667,5.555555555555561,14.81481481,29.62962963,27.77777778,5.555555555555561,0.0,0.0
2022-06,National,PARIS EST,STRASBOURG,115,580,3,124,13.67352151,2.963431542,64,42.296875,5.256354708,49,50.79761904761909,22.0,7.0,9.375,21.875,7.8125,29.6875,14.0625,17.1875,0.0,0.0
2022-06,National,CHAMBERY CHALLES LES EAUX,PARIS LYON,174,232,0,152,13.82192982,9.035497835,102,37.29803922,18.31479076,95,39.06561404,41.0,12.0,27.45098039,16.66666667,32.35294118,14.70588235,3.921568627,4.901960784313731,0.0,0.0
2022-06,National,DIJON VILLE,PARIS LYON,99,381,4,154,9.979545455,4.196044444,41,49.30284553,5.953244444444441,34,56.78088235,20.0,10.0,25.0,27.500000000000004,25.0,15.0,5.000000000000001,2.5000000000000004,0.0,0.0
2022-06,National,BELLEGARDE (AIN),PARIS LYON,165,228,0,101,7.395709571,3.307383041,69,32.20700483,11.96761696,49,40.02278912,20.0,7.0,15.94202899,27.53623188,34.7826087,10.14492754,5.7971014492753605,5.7971014492753605,0.0,0.0
2022-07,National,BELLEGARDE (AIN),PARIS LYON,166,248,1,94,11.22570922,4.291025641,71,37.3600939,13.41963563,41,55.09430894,19.0,13.0,5.633802817,25.352112676056297,39.43661972,12.67605634,8.450704225,8.450704225,0.0,0.0
2022-07,National,PARIS EST,STRASBOURG,116,575,7,107,13.42087227,2.567723005,53,31.37106918,3.261003521,34,41.57009804,17.0,4.0,9.615384615,30.76923077,11.53846154,15.38461538,19.23076923,13.46153846,0.0,0.0
2022-07,National,PARIS LYON,MULHOUSE VILLE,170,320,4,90,21.61,6.113976793,58,45.03563218,8.679799578,46,53.29347826,28.0,13.0,6.896551724,10.34482759,15.51724138,34.48275862,17.24137931,15.51724138,0.0,0.0
2022-07,National,CHAMBERY CHALLES LES EAUX,PARIS LYON,174,224,2,159,14.891090146750498,10.528228228228198,99,37.14242424,19.18475976,89,39.88464419,37.0,10.0,32.32323232,8.080808081,42.42424242,14.14141414,1.01010101,2.02020202,0.0,0.0
2022-07,National,DIJON VILLE,PARIS LYON,100,378,3,174,8.72816092,4.122727273,46,33.47355072,5.154367201,28,46.82678571,16.0,7.0,17.77777778,13.33333333,40.0,13.33333333,11.111111111111098,4.444444444,0.0,0.0
2022-08,National,PARIS EST,STRASBOURG,115,584,6,93,8.873476703,1.47067474,35,23.03238095,1.690801615,25,27.118,6.0,1.0,25.71428571,8.571428571,8.571428571,40.0,17.14285714,0.0,0.0,0.0
2022-08,National,PARIS LYON,MULHOUSE VILLE,170,309,0,72,18.48032407,4.226806904,53,30.59056604,5.389158576,47,32.68014184,17.0,3.0,20.75471698,11.32075472,13.20754717,20.75471698,24.52830189,9.433962264,0.0,0.0
2022-08,National,BELLEGARDE (AIN),PARIS LYON,165,243,0,107,6.237694704,2.764403292,58,24.79511494252869,8.960082305,34,32.84509804,12.0,3.0,7.01754386,26.31578947,31.57894737,21.05263158,10.52631579,3.50877193,0.0,0.0
2022-08,National,CHAMBERY CHALLES LES EAUX,PARIS LYON,174,229,0,164,11.21626016,7.925836972,99,35.08989899,18.14039301,78,41.02863248,32.0,5.0,32.32323232,13.13131313,42.42424242,10.1010101,0.0,2.02020202,0.0,0.0
2022-08,National,DIJON VILLE,PARIS LYON,100,352,0,137,8.839294404,3.510037879,40,33.42333333,5.306202652,28,42.19583333333329,13.0,6.0,20.51282051,17.94871795,35.8974359,25.64102564,0.0,0.0,0.0,0.0
2022-09,National,BELLEGARDE (AIN),PARIS LYON,162,218,3,68,4.872303922,1.6151162790697702,19,35.68421053,3.54620155,14,43.65476190476189,4.0,4.0,26.31578947,15.78947368,31.57894737,15.78947368,5.263157895,5.263157895,0.0,0.0
2022-09,National,DIJON VILLE,PARIS LYON,98,352,5,162,6.062654321,2.919894027,30,34.32833333,3.228612717,19,46.78070175,11.0,4.0,13.33333333,33.33333333,30.0,20.0,0.0,3.333333333,0.0,0.0
2022-09,National,PARIS EST,STRASBOURG,114,580,2,82,11.85609756,1.669290657,43,26.35542636,2.503114187,29,32.60747126,11.0,1.0,11.62790698,2.325581395,9.302325581395351,41.86046511627911,20.93023256,13.95348837,0.0,0.0
2022-09,National,CHAMBERY CHALLES LES EAUX,PARIS LYON,174,213,0,147,9.681519274,6.604616588,60,34.22305556,10.8971831,53,36.9663522,23.0,7.0,35.59322034,10.16949153,40.6779661,10.16949153,1.6949152542372898,1.6949152542372898,0.0,0.0
2022-09,National,PARIS LYON,MULHOUSE VILLE,169,289,2,61,15.8079235,3.254761905,33,32.00909091,3.890940767,27,36.24814815,12.0,1.0,6.060606061,12.12121212,18.18181818,42.42424242,15.151515151515198,6.060606061,0.0,0.0
2022-10,National,DIJON VILLE,PARIS LYON,98,330,1,145,9.553103448,4.331605691,40,31.58583333,5.51875,30,37.84,16.0,3.0,20.0,25.0,27.500000000000004,20.0,5.0,2.5,0.0,0.0
2022-10,National,PARIS EST,STRASBOURG,114,612,5,107,14.10809969,2.466501922,52,26.39262821,3.065678199,30,36.16333333,11.0,3.0,5.769230769,9.615384615,11.53846154,42.30769231,23.07692308,7.692307692,0.0,0.0
2022-10,National,PARIS LYON,MULHOUSE VILLE,168,264,1,45,20.81888889,3.373954373,30,43.84666667,5.512801014,24,51.26736111111111,16.0,5.0,10.0,23.33333333,3.333333333,46.66666667,6.666666667,10.0,0.0,0.0
2022-10,National,BELLEGARDE (AIN),PARIS LYON,161,229,3,83,7.568473896,2.815044248,20,39.38,4.334955752,12,57.10416666666671,7.0,4.0,0.0,20.0,50.0,25.0,5.0,0.0,0.0,0.0
2022-10,National,CHAMBERY CHALLES LES EAUX,PARIS LYON,173,217,1,140,12.14559524,7.766203704,72,38.26458333,15.17052469,61,42.83196721,24.0,7.0,15.277777777777802,16.66666667,50.0,12.5,0.0,5.555555555555561,0.0,0.0
2022-11,National,BELLEGARDE (AIN),PARIS LYON,161,236,1,81,5.94691358,2.072978723,31,28.574193548387104,5.374113475,21,35.91031746,8.0,2.0,31.03448276,20.68965517,44.827586206896605,0.0,0.0,3.448275862,0.0,0.0
2022-11,National,DIJON VILLE,PARIS LYON,98,370,1,146,7.028995434,2.871874999999969,26,32.04166667,3.322146739,21,36.51031746,8.0,4.0,42.30769231,11.53846154,23.07692308,19.23076923,3.846153846,0.0,0.0,0.0
2022-11,National,PARIS EST,STRASBOURG,114,581,3,96,15.816319444444398,2.614417532,38,34.9995614,3.111130334,33,38.29090909,13.0,6.0,18.42105263,2.631578947,0.0,50.0,2.631578947,26.31578947,0.0,0.0
2022-11,National,CHAMBERY CHALLES LES EAUX,PARIS LYON,173,207,0,133,12.18859649,7.729227053,55,38.20818182,12.63148148,49,41.19591837,18.0,8.0,21.81818182,20.0,40.0,16.36363636,0.0,1.818181818,0.0,0.0
2022-11,National,PARIS LYON,MULHOUSE VILLE,168,316,0,41,14.921544715447196,1.777004219,36,31.25138889,3.873892405,24,40.23958333,13.0,4.0,25.0,25.0,11.11111111,19.44444444,13.88888889,5.555555555555561,0.0,0.0
2022-12,National,PARIS EST,STRASBOURG,114,629,20,152,19.4935307,4.786726875,127,30.87020997,7.421072797,86,39.23391473,44.0,10.0,15.2,5.6000000000000005,8.799999999999999,40.0,21.6,8.799999999999999,0.0,0.0
2022-12,National,DIJON VILLE,PARIS LYON,101,406,40,187,9.695187166,5.014708561,41,40.97113821,5.121903461,32,48.55052083,17.0,10.0,19.51219512,12.19512195,31.70731707,21.95121951,4.878048780487811,9.756097561,0.0,0.0
2022-12,National,PARIS LYON,MULHOUSE VILLE,172,336,29,44,14.59280303,1.940553746,23,34.45144928,3.3478827361563503,21,36.43174603,10.0,2.0,13.043478260869602,0.0,26.08695652,52.17391304,8.695652173913041,0.0,0.0,0.0
2022-12,National,CHAMBERY CHALLES LES EAUX,PARIS LYON,179,294,22,166,7.774899598,4.613664216,49,28.14251701,6.232107843,37,32.57162162,10.0,4.0,28.57142857,12.244897959183698,34.69387755,16.32653061,0.0,8.163265306,0.0,0.0
2022-12,National,BELLEGARDE (AIN),PARIS LYON,166,279,29,95,6.601578947,2.549733333,18,32.31666667,2.867666667,11,44.9,9.0,4.0,35.29411765,5.882352941176469,29.41176471,17.64705882,5.882352941176469,5.882352941176469,0.0,0.0
2023-01,National,PARIS EST,STRASBOURG,114,580,50,93,14.63637993,2.607888041,86,39.575,5.766698473,60,51.05055556,32.0,15.0,16.47058824,0.0,16.47058824,43.52941176,12.94117647,10.58823529,0.0,0.0
2023-01,National,PARIS LYON,MULHOUSE VILLE,174,337,24,44,16.51704545,2.167625133,33,39.54141414,4.761661342,22,52.59924242,15.0,6.0,28.125,15.625,6.25,21.875,18.75,9.375,0.0,0.0
2023-01,National,DIJON VILLE,PARIS LYON,102,417,21,150,10.95755556,4.217932489,44,43.99810606,5.930548523,37,49.7027027,20.0,14.0,27.27272727,25.0,15.90909091,22.72727272727269,4.545454545454549,4.545454545454549,0.0,0.0
2023-01,National,BELLEGARDE (AIN),PARIS LYON,168,291,19,82,8.275203252,2.563296569,35,38.83190476,6.08560049,23,52.03333333,14.0,7.0,37.142857142857096,34.285714285714306,5.714285714,14.28571429,0.0,8.571428571,0.0,0.0
2023-01,National,CHAMBERY CHALLES LES EAUX,PARIS LYON,180,334,16,162,6.1218107,2.983962264,71,32.74577465,9.00408805,64,34.75208333,19.0,6.0,23.94366197,29.57746479,36.61971831,2.816901408,0.0,7.042253521126759,0.0,0.0
2023-02,National,BELLEGARDE (AIN),PARIS LYON,168,252,12,97,11.66872852,4.766596932,29,44.42068966,6.332217573,26,48.08846154,14.0,6.0,20.68965517,17.24137931,17.24137931,34.48275862,10.34482759,0.0,0.0,0.0
2023-02,National,CHAMBERY CHALLES LES EAUX,PARIS LYON,183,333,13,203,9.685221675,5.971145833,81,40.95967078189301,12.14744792,69,45.72463768,27.0,13.0,27.160493827160497,16.04938272,45.67901234567899,3.703703704,6.172839506172839,1.2345679012345698,0.0,0.0
2023-02,National,PARIS EST,STRASBOURG,114,490,18,66,12.14343434,1.642408192,48,28.91597222,3.172175141,30,38.66444444,13.0,5.0,12.765957446808502,10.63829787,14.89361702,38.29787234,10.63829787,12.765957446808502,0.0,0.0
2023-02,National,DIJON VILLE,PARIS LYON,102,381,21,128,8.95703125,3.26712963,34,38.93921569,4.842407407,23,51.28550725,15.0,7.0,26.47058824,38.23529412,17.64705882,14.70588235,0.0,2.941176471,0.0,0.0
2023-02,National,PARIS LYON,MULHOUSE VILLE,174,304,17,35,21.19095238,2.443960511,23,35.02681159,3.225261324,15,46.86555556,12.0,2.0,45.454545454545496,13.63636364,4.545454545,4.545454545,31.81818182,0.0,0.0,0.0
2023-03,National,PARIS LYON,MULHOUSE VILLE,173,280,45,42,39.16269841,6.83035461,34,80.35686275,12.20929078,31,86.88870968,22.0,15.0,35.29411765,35.29411765,0.0,14.70588235,14.70588235,0.0,0.0,0.0
2023-03,National,BELLEGARDE (AIN),PARIS LYON,169,271,65,101,6.735808581,3.390210356,32,47.333854166666704,8.336650485,28,52.206547619047605,14.0,9.0,25.80645161,25.80645161,22.58064516,19.35483871,3.2258064516128995,3.2258064516128995,0.0,0.0
2023-03,National,PARIS EST,STRASBOURG,112,605,82,76,16.52675439,2.290057361,32,39.96822917,2.279094965,27,44.70432098765429,13.0,6.0,25.0,9.375,9.375,21.875,15.625,18.75,0.0,0.0
2023-03,National,DIJON VILLE,PARIS LYON,102,398,65,143,7.072261072,3.107807808,45,58.93814815,8.827377377,36,70.5,27.0,17.0,20.93023256,51.1627907,13.95348837,11.627906976744198,0.0,2.325581395,0.0,0.0
2023-03,National,CHAMBERY CHALLES LES EAUX,PARIS LYON,181,352,66,153,11.04084967,5.794230769,61,44.12622951,10.93519814,54,48.10864198,28.0,14.0,31.14754098,31.14754098,24.59016393,1.639344262,9.836065574,1.639344262,0.0,0.0
2023-04,National,BELLEGARDE (AIN),PARIS LYON,166,240,3,99,5.614983165,2.384317862,32,26.672395833000003,4.916877637,21,33.81269841,7.0,2.0,13.79310345,34.48275862,34.48275862,6.896551720000001,3.4482758600000003,6.896551720000001,0.0,0.0
2023-04,National,CHAMBERY CHALLES LES EAUX,PARIS LYON,177,268,4,147,12.84047619,7.039267677,61,41.19344262,11.30309343,46,50.33152174,29.0,9.0,29.50819672,22.95081967,24.59016393,21.31147541,0.0,1.63934426,0.0,0.0
2023-04,National,PARIS LYON,MULHOUSE VILLE,174,277,1,56,17.48452381,3.405193237,32,49.84479167,6.368900966,28,55.14345238100001,19.0,8.0,6.25,21.875,12.5,28.125,28.125,3.125,0.0,0.0
2023-04,National,DIJON VILLE,PARIS LYON,102,367,7,142,7.662676056,3.0828240741000004,30,30.39611111,3.677731482,19,40.09035088,8.0,5.0,13.33333333,36.66666667,30.0,16.666666669999998,0.0,3.33333333,0.0,0.0
2023-04,National,PARIS EST,STRASBOURG,113,603,9,92,12.9201087,1.929040404,54,27.03240741,2.585409652,37,33.47297297,11.0,4.0,11.11111111,7.407407409999999,3.7037037,53.703703700000005,12.96296296,11.11111111,0.0,0.0
2023-05,National,PARIS LYON,MULHOUSE VILLE,173,331,29,40,22.17291667,2.831236203,28,36.625,4.19205298,19,47.5745614,11.0,4.0,28.57142857,7.14285714,25.0,28.57142857,3.57142857,7.14285714,0.0,0.0
2023-05,National,CHAMBERY CHALLES LES EAUX,PARIS LYON,176,235,1,133,13.80551378,7.762589413,69,37.93405797,12.65829757,55,43.98939394,20.0,9.0,27.53623188,15.94202899,39.13043478,17.39130435,0.0,0.0,0.0,0.0
2023-05,National,PARIS EST,STRASBOURG,114,552,5,89,17.56985019,2.847836685,42,39.1468254,3.468007313,30,49.705,18.0,7.0,2.38095238,4.76190476,11.9047619,42.85714286,16.666666669999998,21.42857143,0.0,0.0
2023-05,National,BELLEGARDE (AIN),PARIS LYON,167,245,7,95,6.528070175,2.660994398,21,40.54603175,4.72219888,13,57.31666667,8.0,5.0,14.28571429,33.333333329999995,38.0952381,14.28571429,0.0,0.0,0.0,0.0
2023-05,National,DIJON VILLE,PARIS LYON,102,395,28,149,7.833780761,3.3015068492999995,26,34.15512821,3.4843379,17,45.11372549,9.0,4.0,38.46153846,26.92307692,15.38461538,15.38461538,3.84615385,0.0,0.0,0.0
2023-06,National,CHAMBERY CHALLES LES EAUX,PARIS LYON,178,241,3,160,11.9921875,7.976863572,84,49.59186508,18.41413502,72,55.60925926,47.0,18.0,46.42857143,20.23809524,28.57142857,3.57142857,0.0,1.19047619,0.0,0.0
2023-06,National,DIJON VILLE,PARIS LYON,98,366,1,145,7.942758621,3.231872146,31,49.78225807,5.461552511,21,67.07539683,11.0,9.0,26.66666667,23.33333333,26.66666667,20.0,3.33333333,0.0,0.0,0.0
2023-06,National,BELLEGARDE (AIN),PARIS LYON,161,237,2,136,6.348651961,3.710070922,48,30.367708333000003,8.164893617,33,38.53686869,11.0,6.0,18.75,18.75,50.0,8.33333333,4.16666667,0.0,0.0,0.0
2023-06,National,PARIS EST,STRASBOURG,111,541,1,105,13.41015873,2.640061728,68,23.4375,3.413580247,48,27.91006944,13.0,1.0,8.82352941,11.76470588,14.70588235,38.23529412,14.70588235,11.76470588,0.0,0.0
2023-06,National,PARIS LYON,MULHOUSE VILLE,172,310,0,71,16.56197183,3.733548387,35,29.94714286,4.202741936,25,36.75333333,7.0,3.0,8.57142857,11.428571430000002,2.8571428600000006,31.42857143,31.42857143,14.28571429,0.0,0.0
2023-07,National,CHAMBERY CHALLES LES EAUX,PARIS LYON,174,233,0,156,14.855448718000002,9.85286123,60,41.56027778,12.65128755,48,48.65034722,29.0,9.0,30.0,23.33333333,20.0,16.666666669999998,8.33333333,1.66666667,0.0,0.0
2023-07,National,DIJON VILLE,PARIS LYON,98,406,4,164,9.523678862,3.982541667,36,41.45648148,4.703916667,29,48.56321839100001,14.0,9.0,25.0,22.222222220000003,33.333333329999995,11.11111111,8.33333333,0.0,0.0,0.0
2023-07,National,PARIS EST,STRASBOURG,114,586,1,91,24.03315018,3.744586895,67,42.59228856,5.35988604,54,49.62222222,28.0,16.0,11.94029851,14.92537313,22.3880597,32.8358209,5.97014925,11.94029851,0.0,0.0
2023-07,National,PARIS LYON,MULHOUSE VILLE,170,322,3,44,18.22575758,2.368652038,41,34.33780488,5.152403344,33,39.48333333,15.0,6.0,24.3902439,19.51219512,9.75609756,24.3902439,19.51219512,2.43902439,0.0,0.0
2023-07,National,BELLEGARDE (AIN),PARIS LYON,162,248,4,141,8.121631206,4.744262295,25,34.21733333,4.97602459,18,42.54907407,9.0,4.0,0.0,20.0,32.0,20.0,16.0,12.0,0.0,0.0
2023-08,National,BELLEGARDE (AIN),PARIS LYON,163,242,1,109,5.355810398,2.469087137,39,28.46965812,5.287828492,26,35.95512821,10.0,2.0,2.56410256,38.46153846,28.20512821,17.948717950000002,5.12820513,7.69230769,0.0,0.0
2023-08,National,CHAMBERY CHALLES LES EAUX,PARIS LYON,174,230,11,147,10.28378685,6.830136986,56,31.80744048,9.566133942,42,37.91865079,15.0,6.0,37.5,21.42857143,19.64285714,10.71428571,5.357142860000001,5.357142860000001,0.0,0.0
2023-08,National,PARIS EST,STRASBOURG,115,577,3,103,26.22508091,4.619744483,81,47.79526749,7.065505227,65,56.28307692,37.0,20.0,4.9382716,28.39506173,12.34567901,34.56790123,8.64197531,11.11111111,0.0,0.0
2023-08,National,DIJON VILLE,PARIS LYON,98,381,3,133,9.456140351,3.430222222,43,37.62674419,4.662133333,34,44.37303922,15.0,7.0,30.23255814,27.90697674,20.93023256,13.95348837,4.65116279,2.3255814,0.0,0.0
2023-08,National,PARIS LYON,MULHOUSE VILLE,171,300,0,44,18.42727273,2.596222222,43,39.52713178,6.031,37,43.77657658,19.0,9.0,30.95238095,16.666666669999998,14.28571429,11.9047619,14.28571429,11.9047619,0.0,0.0
2023-09,National,PARIS LYON,MULHOUSE VILLE,171,294,0,44,21.46931818,3.069444444,62,33.84327957,8.766213152,40,45.3,22.0,9.0,6.55737705,32.78688525,18.03278689,22.95081967,13.1147541,6.55737705,0.0,0.0
2023-09,National,BELLEGARDE (AIN),PARIS LYON,161,245,0,110,8.478636364,3.830952381,25,32.436,4.30414966,16,43.68854167,9.0,5.0,28.000000000000004,16.0,28.000000000000004,28.000000000000004,0.0,0.0,0.0,0.0
2023-09,National,PARIS EST,STRASBOURG,114,609,0,96,13.83663194,2.190640394,53,33.90188679,3.741434045,35,44.46857143,19.0,7.0,15.09433962,1.88679245,13.20754717,43.39622642,11.32075472,15.09433962,0.0,0.0
2023-09,National,CHAMBERY CHALLES LES EAUX,PARIS LYON,173,204,17,32,4.1,0.495543672,18,25.98148148,3.13342246,15,28.57777778,3.0,0.0,11.764705879999998,52.94117647,11.764705879999998,23.529411759999995,0.0,0.0,0.0,0.0
2023-09,National,DIJON VILLE,PARIS LYON,98,358,0,210,8.880238095,5.314319249,50,31.58866667,6.082535211,27,47.25,10.0,6.0,8.5106383,21.27659574,53.19148936,14.89361702,0.0,2.12765957,0.0,0.0
2023-10,National,BELLEGARDE (AIN),PARIS LYON,160,249,0,105,4.43031746,1.926907631,20,35.56916667,4.247389558200001,10,58.12666666700001,8.0,4.0,10.0,25.0,40.0,20.0,5.0,0.0,0.0,0.0
2023-10,National,CHAMBERY CHALLES LES EAUX,PARIS LYON,173,178,0,55,4.109090909,1.096816479,34,22.787745097999995,5.530992509,24,27.05347222,5.0,1.0,20.58823529,35.294117650000004,38.23529412,5.88235294,0.0,0.0,0.0,0.0
2023-10,National,DIJON VILLE,PARIS LYON,98,371,1,199,5.887269681700001,3.241394928,45,21.140740740999995,5.250181159,20,31.72,6.0,2.0,9.09090909,20.45454545,31.818181820000003,29.54545455,9.09090909,0.0,0.0,0.0
2023-10,National,PARIS EST,STRASBOURG,117,637,3,139,16.15251799,3.551419558,96,36.40972222,7.051892745,70,45.05357143,32.0,15.0,9.375,21.875,8.33333333,32.291666670000005,17.708333330000002,10.41666667,0.0,0.0
2023-10,National,PARIS LYON,MULHOUSE VILLE,171,301,0,36,17.6787037,1.958637874,29,42.57701149,6.333111849,22,52.08409091,14.0,4.0,10.34482759,27.5862069,3.4482758600000003,31.03448276,13.79310345,13.79310345,0.0,0.0
2023-11,National,CHAMBERY CHALLES LES EAUX,PARIS LYON,173,167,0,44,4.172348485,0.8808383233999999,41,23.36300813,7.971856287,33,25.93131313,5.0,0.0,14.63414634,31.70731707,51.2195122,2.43902439,0.0,0.0,0.0,0.0
2023-11,National,PARIS EST,STRASBOURG,114,577,13,145,20.12942529,5.170035461,91,43.42032967,8.930053192,83,46.37971888,44.0,10.0,17.58241758,8.79120879,3.2967033,36.26373626,24.17582418,9.89010989,0.0,0.0
2023-11,National,BELLEGARDE (AIN),PARIS LYON,160,240,0,98,5.961394558,2.496388889,28,32.11011905,5.201875,19,41.0131579,10.0,3.0,35.71428571,21.42857143,14.28571429,17.85714286,7.14285714,3.57142857,0.0,0.0
2023-11,National,DIJON VILLE,PARIS LYON,98,406,4,239,10.29651325,6.214619883000001,56,59.46309524,9.366081871,39,79.53760684,24.0,18.0,33.92857143,16.07142857,28.57142857,12.5,1.78571429,7.14285714,0.0,0.0
2023-11,National,PARIS LYON,MULHOUSE VILLE,170,329,4,48,17.91180556,2.516564103,40,60.32708333,8.458666667,34,68.51127451,21.0,15.0,27.500000000000004,10.0,12.5,30.0,15.0,5.0,0.0,0.0
2023-12,National,BELLEGARDE (AIN),PARIS LYON,163,276,2,87,11.99559387,3.841574416,35,45.30857143,6.446063961,26,56.24807692,15.0,9.0,34.28571429,17.14285714,20.0,22.857142860000003,5.71428571,0.0,0.0,0.0
2023-12,National,CHAMBERY CHALLES LES EAUX,PARIS LYON,174,253,4,102,14.02875817,5.551209677,70,33.75880952,11.08736559,53,40.62358491,20.0,10.0,22.857142860000003,18.57142857,54.28571429,2.8571428600000006,1.4285714300000003,0.0,0.0,0.0
2023-12,National,DIJON VILLE,PARIS LYON,98,420,0,222,6.244894895,3.369291965,28,28.25059524,2.422673031,17,37.86764706,6.0,1.0,10.71428571,10.71428571,25.0,39.28571429,3.57142857,10.71428571,0.0,0.0
2023-12,National,PARIS LYON,MULHOUSE VILLE,169,344,0,46,13.451811594000002,1.673643411,38,32.66052632,4.724321705,30,38.10777778,18.0,2.0,10.52631579,23.68421053,21.05263158,28.947368420000004,13.15789474,2.63157895,0.0,0.0
2023-12,National,PARIS EST,STRASBOURG,113,659,6,130,16.20615385,3.180525779,97,30.39553265,5.721235324,61,40.10655738,30.0,9.0,7.446808509999999,5.31914894,7.446808509999999,37.23404255,25.531914890000003,17.0212766,0.0,0.0
2024-01,National,BELLEGARDE (AIN),PARIS LYON,164,282,1,89,6.159363295900001,1.961091341,26,45.85384615,5.318623962,21,53.44206349,11.0,4.0,15.38461538,19.23076923,26.92307692,26.92307692,7.69230769,3.84615385,0.0,0.0
2024-01,National,PARIS EST,STRASBOURG,113,569,39,75,19.80444444,2.810628931,79,35.06835443,6.001037736,63,40.57354497,31.0,15.0,24.35897436,3.84615385,8.97435897,46.15384615,6.41025641,10.25641026,0.0,0.0
2024-01,National,CHAMBERY CHALLES LES EAUX,PARIS LYON,175,277,0,120,10.10625,4.178580024,57,42.18888888899999,10.32845969,45,49.94962963,19.0,7.0,12.28070175,14.03508772,54.38596491,19.29824561,0.0,0.0,0.0,0.0
2024-01,National,DIJON VILLE,PARIS LYON,98,434,2,163,10.7708589,4.123263889,48,40.60902778,5.331442901,39,46.86581197,21.0,7.0,18.367346940000004,32.65306122,24.48979592,18.367346940000004,2.04081633,4.08163265,0.0,0.0
2024-01,National,PARIS LYON,MULHOUSE VILLE,169,351,3,52,18.47275641,2.628544061,40,43.60458333,5.75914751,32,51.13229167,18.0,8.0,12.5,15.0,17.5,32.5,15.0,7.5,0.0,0.0
2024-02,National,BELLEGARDE (AIN),PARIS LYON,163,267,6,99,7.464646465,2.8949553,26,35.78269231,4.79789272,18,46.025,12.0,2.0,11.53846154,42.30769231,30.76923077,15.38461538,0.0,0.0,0.0,0.0
2024-02,National,PARIS LYON,MULHOUSE VILLE,169,284,12,35,11.66238095,1.331372549,22,22.91893939,2.451470588,15,27.32555556,5.0,0.0,4.5454545500000005,22.72727273,27.27272727,13.63636364,9.09090909,22.72727273,0.0,0.0
2024-02,National,CHAMBERY CHALLES LES EAUX,PARIS LYON,178,314,1,137,12.15863747,5.079286475,66,29.87323232,8.822523962,57,32.38128655,22.0,5.0,8.95522388,31.34328358,41.79104478,11.94029851,0.0,5.97014925,0.0,0.0
2024-02,National,DIJON VILLE,PARIS LYON,98,379,11,149,6.47818792,2.666802536,37,30.54864865,4.197237319,20,45.70333333,11.0,5.0,10.25641026,23.07692308,46.15384614999999,15.38461538,0.0,5.12820513,0.0,0.0
2024-02,National,PARIS EST,STRASBOURG,112,503,16,51,9.812091503,1.011498973,32,27.28229167,3.010951403,21,34.25079365,10.0,1.0,6.25,28.125,12.5,37.5,15.625,0.0,0.0,0.0
2024-03,National,CHAMBERY CHALLES LES EAUX,PARIS LYON,175,269,0,109,9.196941896,3.484386617,54,28.04598765,6.844052045,38,34.43991228,11.0,3.0,11.11111111,16.666666669999998,46.2962963,7.407407409999999,7.407407409999999,11.11111111,0.0,0.0
2024-03,National,PARIS EST,STRASBOURG,112,589,10,65,10.24153846,1.141278066,35,26.12238095,2.060679332,23,32.55797101,7.0,2.0,8.82352941,8.82352941,17.64705882,44.11764706,14.70588235,5.8823529400000005,0.0,0.0
2024-03,National,BELLEGARDE (AIN),PARIS LYON,164,277,0,89,4.791198502,1.530445247,20,27.940000000000005,2.870397112,13,36.25128205,7.0,1.0,15.0,5.0,40.0,15.0,0.0,25.0,0.0,0.0
2024-03,National,PARIS LYON,MULHOUSE VILLE,170,304,0,44,13.57575758,1.831688597,21,31.41825397,2.915241228,14,40.56071429,4.0,4.0,14.28571429,4.76190476,42.85714286,23.80952381,4.76190476,9.52380952,0.0,0.0
2024-03,National,DIJON VILLE,PARIS LYON,98,387,0,148,5.406756757,2.136993971,22,23.66136364,2.181050818,13,30.5525641,4.0,0.0,18.18181818,27.27272727,31.818181820000003,13.63636364,0.0,9.09090909,0.0,0.0
2024-04,National,CHAMBERY CHALLES LES EAUX,PARIS LYON,173,195,0,89,4.872097378,2.05948718,31,24.786021505000004,6.12042735,20,31.32166667,7.0,1.0,9.67741935,12.90322581,58.06451613,12.90322581,3.2258064500000003,3.2258064500000003,0.0,0.0
2024-04,National,DIJON VILLE,PARIS LYON,98,385,0,136,6.323284314,2.278051948,28,38.11845238,3.73030303,21,46.6,14.0,4.0,35.71428571,28.57142857,17.85714286,7.14285714,3.57142857,7.14285714,0.0,0.0
2024-04,National,PARIS EST,STRASBOURG,113,593,4,84,46.24126984,6.617600453,70,82.99285714,10.51202603,54,103.5209877,40.0,29.0,1.4285714300000003,48.57142857,15.71428571,20.0,7.14285714,7.14285714,0.0,0.0
2024-04,National,PARIS LYON,MULHOUSE VILLE,169,309,0,38,14.92280702,1.736084142,34,28.25392157,3.779719525,21,37.20555556,13.0,1.0,41.17647059,11.76470588,14.70588235,5.88235294,23.52941176,2.94117647,0.0,0.0
2024-04,National,BELLEGARDE (AIN),PARIS LYON,161,245,0,78,4.551068376,1.474965986,34,25.00147059,4.191836735,20,32.7425,8.0,1.0,55.88235294,8.82352941,17.64705882,5.88235294,2.94117647,8.82352941,0.0,0.0
2024-05,National,BELLEGARDE (AIN),PARIS LYON,161,251,0,71,5.043896714,1.460092962,29,35.35057471,4.833665339,21,43.82698413,8.0,5.0,13.79310345,41.37931034,31.03448276,13.79310345,0.0,0.0,0.0,0.0
2024-05,National,CHAMBERY CHALLES LES EAUX,PARIS LYON,173,196,0,67,6.121144279,1.877806122,28,25.04166667,5.180782313,14,36.62976191,6.0,3.0,7.14285714,25.0,50.0,0.0,10.71428571,7.14285714,0.0,0.0
2024-05,National,DIJON VILLE,PARIS LYON,98,424,0,138,8.983937198,2.99591195,30,39.17888889,3.532861635,24,45.70694444400001,10.0,7.0,34.375,28.125,21.875,6.25,3.125,6.25,0.0,0.0
2024-05,National,PARIS EST,STRASBOURG,114,632,2,70,11.79761905,1.334867725,31,25.80268817,2.103359788,21,31.68174603,5.0,1.0,10.0,6.666666670000001,16.666666669999998,36.66666667,23.33333333,6.666666670000001,0.0,0.0
2024-05,National,PARIS LYON,MULHOUSE VILLE,168,341,0,43,14.324031008000002,1.6238514173999998,26,29.13397436,2.964516129,17,37.47156863,8.0,3.0,34.61538462,11.53846154,7.69230769,7.69230769,23.07692308,15.38461538,0.0,0.0
2024-06,National,CHAMBERY CHALLES LES EAUX,PARIS LYON,172,185,0,71,8.037793427,2.9498198198000005,46,26.20108696,7.842702703,35,30.05285714,9.0,1.0,14.58333333,39.58333333,25.0,12.5,0.0,8.33333333,0.0,0.0
2024-06,National,PARIS EST,STRASBOURG,114,626,3,67,17.05771144,1.835473515,38,34.57587719,2.618726592,27,43.69444444,14.0,4.0,13.15789474,13.15789474,15.78947368,28.947368420000004,21.05263158,7.894736839999999,0.0,0.0
2024-06,National,PARIS LYON,MULHOUSE VILLE,169,316,0,48,15.018750000000002,2.181118144,40,34.20416667,5.053533755,28,43.01904762,18.0,5.0,17.5,27.500000000000004,10.0,17.5,12.5,15.0,0.0,0.0
2024-06,National,BELLEGARDE (AIN),PARIS LYON,161,244,1,69,7.294444444,2.124691358,19,32.31754386,3.642455418,14,38.69166667,7.0,2.0,15.78947368,31.57894737,15.78947368,26.31578947,5.26315789,5.26315789,0.0,0.0
2024-06,National,DIJON VILLE,PARIS LYON,98,404,0,170,7.597745098,3.264768977,31,40.3655914,4.085643564,23,49.85869565,12.0,6.0,21.212121210000003,39.39393939,12.12121212,6.06060606,15.15151515,6.06060606,0.0,0.0
2024-07,National,PARIS LYON,MULHOUSE VILLE,168,328,8,34,25.8877451,2.584739583,44,55.95454546,8.23234375,38,62.47807018,30.0,14.0,13.63636364,27.27272727,27.27272727,15.909090910000002,11.36363636,4.5454545500000005,0.0,0.0
2024-07,National,PARIS EST,STRASBOURG,115,587,4,85,20.21333333,2.946455117,77,38.49242424,5.628216124,64,43.48854167,36.0,11.0,31.16883117,10.38961039,2.5974026,29.87012987,15.58441558,10.38961039,0.0,0.0
2024-07,National,BELLEGARDE (AIN),PARIS LYON,161,249,5,70,12.36404762,3.604986339,33,65.30707071,9.215573771,27,76.7654321,19.0,7.0,9.09090909,39.39393939,27.27272727,18.18181818,6.06060606,0.0,0.0,0.0
2024-07,National,DIJON VILLE,PARIS LYON,98,417,10,147,9.768480726,3.549344799,45,45.94851852,5.401146601,37,53.23288288,23.0,14.0,6.3829787200000005,31.91489362,27.65957447,27.65957447,4.25531915,2.12765957,0.0,0.0
2024-07,National,CHAMBERY CHALLES LES EAUX,PARIS LYON,174,173,2,69,16.79396135,6.527290448299999,40,44.95916667,11.5840156,37,47.50810811,17.0,10.0,0.0,37.5,32.5,17.5,12.5,0.0,0.0,0.0
2024-08,National,CHAMBERY CHALLES LES EAUX,PARIS LYON,173,172,0,84,9.777777778,4.501647287,27,28.788888889000003,5.150387597,24,30.73472222,7.0,1.0,14.28571429,25.0,35.71428571,10.71428571,0.0,14.28571429,0.0,0.0
2024-08,National,PARIS EST,STRASBOURG,118,489,2,53,10.32924528,1.122108145,30,27.86111111,1.894147844,22,32.88409091,4.0,2.0,6.666666670000001,6.666666670000001,16.666666669999998,56.66666667,3.33333333,10.0,0.0,0.0
2024-08,National,BELLEGARDE (AIN),PARIS LYON,162,250,1,90,7.126296296,2.621753681,19,53.98508772,4.450066934,9,98.77777778,8.0,5.0,15.78947368,21.05263158,36.84210526,0.0,10.52631579,15.78947368,0.0,0.0
2024-08,National,PARIS LYON,MULHOUSE VILLE,174,298,1,29,15.44022989,1.325533109,18,34.15092593,2.457800225,8,59.50208333,5.0,4.0,11.11111111,0.0,33.333333329999995,33.333333329999995,5.55555556,16.666666669999998,0.0,0.0
2024-08,National,DIJON VILLE,PARIS LYON,98,344,1,124,7.555107527,2.792225462,23,28.11884058,2.098979592,19,31.4377193,5.0,1.0,26.08695652,13.04347826,30.43478261,26.08695652,0.0,4.34782609,0.0,0.0
2024-09,National,BELLEGARDE (AIN),PARIS LYON,161,250,2,85,9.202745098,3.213642473,30,60.65222222199999,7.811021505,26,68.10384615,19.0,8.0,12.90322581,22.580645160000003,12.90322581,38.70967742,3.2258064500000003,9.67741935,0.0,0.0
2024-09,National,DIJON VILLE,PARIS LYON,99,332,1,154,9.591666667,4.538116818,43,41.95581395,6.62386707,30,54.18500000000001,19.0,7.0,12.765957450000002,36.17021277,31.91489362,12.765957450000002,2.12765957,4.25531915,0.0,0.0
2024-09,National,PARIS EST,STRASBOURG,114,604,5,92,11.3182971,1.724791319,36,28.33009259,2.244129104,26,34.08333333,8.0,4.0,13.88888889,5.55555556,5.55555556,47.22222222,11.11111111,16.666666669999998,0.0,0.0
2024-09,National,CHAMBERY CHALLES LES EAUX,PARIS LYON,172,202,8,67,14.25,4.69475945,46,32.29311594,8.417010309,23,51.2384058,16.0,4.0,4.08163265,26.53061224,46.93877551,16.32653061,2.04081633,4.08163265,0.0,0.0
2024-09,National,PARIS LYON,MULHOUSE VILLE,175,311,0,37,20.44054054,2.258145766,41,41.86260163,6.493837085,33,48.49242424,18.0,8.0,14.63414634,21.95121951,19.51219512,26.82926829,7.31707317,9.75609756,0.0,0.0
2024-10,National,BELLEGARDE (AIN),PARIS LYON,160,256,2,98,5.524829932,2.165354331,28,50.75416667,6.252755906,21,63.42301587,15.0,7.0,37.93103448,13.79310345,10.34482759,31.03448276,3.4482758600000003,3.4482758600000003,0.0,0.0
2024-10,National,PARIS EST,STRASBOURG,114,655,3,86,13.13449612,1.7007924334999998,60,29.36138889,3.4156441718000004,37,39.00990991,18.0,6.0,11.66666667,26.66666667,8.33333333,31.66666667,11.66666667,10.0,0.0,0.0
2024-10,National,DIJON VILLE,PARIS LYON,99,332,0,171,5.723099415,3.052660643,36,27.915277778000004,5.675803213,15,48.58222222,6.0,2.0,14.28571429,25.71428571,28.57142857,22.85714286,5.71428571,2.85714286,0.0,0.0
2024-10,National,CHAMBERY CHALLES LES EAUX,PARIS LYON,172,195,0,89,12.9994382,5.802136752,48,36.21354167,10.59871795,31,48.84569893,14.0,7.0,20.83333333,18.75,31.25,6.25,8.33333333,14.58333333,0.0,0.0
2024-10,National,PARIS LYON,MULHOUSE VILLE,175,314,0,35,19.35333333,1.964543524,33,30.8969697,4.256316348,20,42.6425,5.0,2.0,6.06060606,33.333333329999995,24.24242424,15.15151515,3.03030303,18.18181818,0.0,0.0
2024-11,National,PARIS LYON,MULHOUSE VILLE,182,273,0,43,20.65465116,3.062026862,54,40.36049383,9.378388278,40,49.84375,19.0,11.0,16.666666669999998,31.48148148,16.666666669999998,16.666666669999998,5.55555556,12.96296296,0.0,0.0
2024-11,National,CHAMBERY CHALLES LES EAUX,PARIS LYON,179,176,0,69,7.658695652199999,2.892234849,50,32.35133333,10.62035985,40,37.07333333,19.0,4.0,30.6122449,20.40816327,40.816326530000005,6.12244898,2.04081633,0.0,0.0,0.0
2024-11,National,BELLEGARDE (AIN),PARIS LYON,169,217,0,64,16.46692708,4.890092166,41,54.11788618,10.76950845,36,59.77916667,26.0,13.0,43.90243902,26.82926829,17.07317073,2.43902439,9.75609756,0.0,0.0,0.0
2024-11,National,DIJON VILLE,PARIS LYON,116,391,2,245,10.90863946,6.940659812,80,40.7575,9.421208226,61,49.33879781,30.0,15.0,21.25,28.75,23.75,16.25,5.0,5.0,0.0,0.0
2024-11,National,PARIS EST,STRASBOURG,113,629,6,97,20.16219931,3.0988229,59,53.39491525,5.852835741,49,61.46530612,30.0,16.0,18.6440678,1.6949152499999998,6.77966102,47.45762712,23.72881356,1.6949152499999998,0.0,0.0
2024-12,National,CHAMBERY CHALLES LES EAUX,PARIS LYON,174,243,0,111,7.782582583,3.421056241,49,33.08095238,8.353635117,40,37.405,12.0,5.0,6.122448980000001,16.32653061,63.26530612,6.122448980000001,0.0,8.163265309999998,0.0,0.0
2024-12,National,PARIS EST,STRASBOURG,113,695,3,135,18.82049383,3.600915222,84,34.14861111,5.005467245,65,40.33794872,31.0,12.0,13.0952381,7.14285714,3.57142857,45.23809524,20.23809524,10.71428571,0.0,0.0
2024-12,National,BELLEGARDE (AIN),PARIS LYON,162,272,0,127,7.765616798,3.700490196,39,33.61837607,5.066421569,28,41.66309524,13.0,2.0,41.02564103,23.07692308,28.20512821,2.56410256,0.0,5.12820513,0.0,0.0
2024-12,National,PARIS LYON,MULHOUSE VILLE,171,312,2,48,17.35972222,2.52155914,34,44.49264706,5.855107527,26,54.03589744,17.0,5.0,23.52941176,11.76470588,11.76470588,32.35294118,11.76470588,8.82352941,0.0,0.0
2024-12,National,DIJON VILLE,PARIS LYON,98,385,2,153,8.431699346,3.4358572671999994,34,41.79705882,3.951479547,25,51.81866667,12.0,6.0,31.42857143,22.85714286,22.85714286,14.28571429,0.0,8.57142857,0.0,0.0
2025-01,National,DIJON VILLE,PARIS LYON,98,426,4,177,12.88672316,5.465876777,60,43.92611111,6.394747235,47,52.39007092,-1.0,30.0,27.419354840000004,40.32258065,22.580645160000003,6.451612900000001,1.61290323,1.61290323,0.0,0.0
2025-01,National,BELLEGARDE (AIN),PARIS LYON,162,274,1,133,10.00150376,4.790842491,36,45.01342593,6.47997558,27,55.30432099,0.0,19.0,5.55555556,50.0,19.44444444,2.77777778,13.88888889,8.33333333,0.0,0.0
2025-01,National,CHAMBERY CHALLES LES EAUX,PARIS LYON,176,263,0,123,13.100271,5.94391635,49,41.58129252,9.223257288,40,47.67208333,-1.0,17.0,12.0,16.0,38.0,14.000000000000002,18.0,2.0,0.0,0.0
2025-01,National,PARIS EST,STRASBOURG,114,594,4,60,13.86166667,1.36460452,57,27.88859649,3.27200565,41,33.71300813,1.0,16.0,29.09090909,0.0,21.81818182,29.09090909,10.90909091,9.090909090000002,0.0,0.0
2025-01,National,PARIS LYON,MULHOUSE VILLE,168,337,4,42,23.33095238,2.796046046,56,52.52738095200001,9.599349349,46,61.126449275000006,0.0,26.0,26.78571429,21.42857143,7.14285714,21.42857143,14.28571429,8.92857143,0.0,0.0
2025-02,National,PARIS EST,STRASBOURG,114,478,1,77,18.58636364,2.956079665,60,33.91638889,5.040041929,48,38.95208333,0.0,23.0,13.33333333,11.66666667,15.0,33.333333329999995,11.66666667,15.0,0.0,0.0
2025-02,National,DIJON VILLE,PARIS LYON,99,384,1,142,7.914788732,3.000261097,33,42.36717172,3.753089643,20,61.0925,0.0,12.0,12.12121212,30.3030303,24.24242424,27.27272727,0.0,6.06060606,0.0,0.0
2025-02,National,PARIS LYON,MULHOUSE VILLE,168,305,0,40,24.98541667,3.12726776,40,41.89458333,5.994153006,29,52.93735632,0.0,20.0,5.0,37.5,15.0,12.5,15.0,15.0,0.0,0.0
2025-02,National,BELLEGARDE (AIN),PARIS LYON,162,260,1,128,4.931380208,2.473938224,34,33.8872549,4.925933076,22,45.33636364,0.0,12.0,18.18181818,27.27272727,36.36363636,3.03030303,6.0606060600000005,9.09090909,0.0,0.0
2025-02,National,CHAMBERY CHALLES LES EAUX,PARIS LYON,178,276,3,146,10.52351598,5.396581197,82,31.580487805000004,10.68412698,62,37.42258065,-3.0,28.0,10.71428571,38.0952381,33.333333329999995,5.952380949999999,3.57142857,8.33333333,0.0,0.0
2025-03,National,PARIS LYON,MULHOUSE VILLE,168,311,0,37,31.47882883,3.580493033,43,43.43062016,6.277491961,39,46.58461539,0.0,18.0,18.60465116,51.1627907,9.30232558,4.65116279,6.976744190000001,9.30232558,0.0,0.0
2025-03,National,PARIS EST,STRASBOURG,113,655,6,62,16.00645161,1.482614278,62,45.07956989,4.816435542,43,59.07325581,1.0,24.0,9.67741935,9.67741935,24.19354839,27.41935484,9.67741935,19.35483871,0.0,0.0
2025-03,National,BELLEGARDE (AIN),PARIS LYON,163,286,1,120,8.059583333,3.41877193,42,47.22738095,8.247602339,29,62.45229885,0.0,19.0,14.28571429,52.38095238,11.9047619,11.9047619,9.52380952,0.0,0.0,0.0
2025-03,National,DIJON VILLE,PARIS LYON,99,402,1,130,5.166794872,1.74804655,39,38.20982906,4.523815461,27,49.64135803,-1.0,12.0,12.5,62.5,17.5,2.5,5.0,0.0,0.0,0.0
2025-03,National,CHAMBERY CHALLES LES EAUX,PARIS LYON,178,309,0,97,8.696563574,2.361272923,63,35.9,8.571251348,52,40.66698718,0.0,22.0,9.52380952,26.98412698,53.96825397,0.0,1.5873015899999998,7.936507939999999,0.0,0.0
2025-04,National,PARIS EST,STRASBOURG,113,644,2,97,18.49347079,2.797352025,48,47.17638889,4.214511942,29,69.43965517,15.0,8.0,10.20408163,6.12244898,8.16326531,57.14285714,14.28571429,4.08163265,0.0,0.0
2025-04,National,CHAMBERY CHALLES LES EAUX,PARIS LYON,177,260,5,130,15.81128205,7.912614379,79,32.79113924,11.6120915,63,37.71798942,28.0,7.0,17.72151899,15.18987342,59.49367089,3.79746835,0.0,3.79746835,0.0,0.0
2025-04,National,BELLEGARDE (AIN),PARIS LYON,162,256,0,82,4.195934959,1.397786458,19,21.33070175,2.981901042,13,25.07692308,3.0,0.0,5.26315789,26.31578947,47.36842105,10.52631579,5.26315789,5.26315789,0.0,0.0
2025-04,National,PARIS LYON,MULHOUSE VILLE,168,322,0,42,11.41309524,1.330020704,19,27.3745614,2.430486542,14,32.17976191,6.0,1.0,5.26315789,10.52631579,26.31578947,10.52631579,10.52631579,36.84210526,0.0,0.0
2025-04,National,DIJON VILLE,PARIS LYON,99,410,0,158,5.89757384,2.345772358,29,28.46666667,2.638130081,21,34.46349206,12.0,1.0,20.68965517,24.13793103,44.82758621,10.34482759,0.0,0.0,0.0,0.0
2025-05,National,CHAMBERY CHALLES LES EAUX,PARIS LYON,177,219,1,96,8.015451389,3.29824159,39,27.05769231,6.891284404,31,30.87526882,15.0,0.0,7.69230769,15.38461538,61.53846154,5.12820513,2.56410256,7.69230769,0.0,0.0
2025-05,National,DIJON VILLE,PARIS LYON,100,399,1,144,9.730324074,3.570938024,35,52.38857143,5.267001675,23,72.63768116,15.0,12.0,27.77777778,25.0,19.44444444,16.666666669999998,2.77777778,8.33333333,0.0,0.0
2025-05,National,PARIS LYON,MULHOUSE VILLE,170,326,1,43,19.43100775,2.416615385,25,48.73666667,4.391435897,22,53.76212121,15.0,8.0,25.0,25.0,4.16666667,29.16666667,4.16666667,12.5,0.0,0.0
2025-05,National,BELLEGARDE (AIN),PARIS LYON,163,248,0,86,3.860271318,1.346236559,22,21.63560606,3.022983871,11,30.1,3.0,0.0,27.27272727,40.90909091,27.27272727,4.5454545500000005,0.0,0.0,0.0,0.0
2025-05,National,PARIS EST,STRASBOURG,111,656,7,70,17.62785714,1.89134566,67,37.33059702,4.214560863,58,41.14281609,32.0,12.0,35.82089552,5.97014925,17.91044776,25.373134330000003,10.44776119,4.47761194,0.0,0.0
2025-06,National,PARIS LYON,MULHOUSE VILLE,170,312,0,47,18.45567376,2.667040598,50,40.06433333,7.492467949,43,44.43333333,26.0,6.0,18.0,36.0,8.0,10.0,22.0,6.0,0.0,0.0
2025-06,National,CHAMBERY CHALLES LES EAUX,PARIS LYON,177,234,1,145,11.43091954,6.995922747,83,29.127510040000004,12.43361946,68,32.6252451,33.0,2.0,13.25301205,21.68674699,44.57831325,16.867469879999998,0.0,3.61445783,0.0,0.0
2025-06,National,PARIS EST,STRASBOURG,112,667,5,126,22.34537037,4.234843907,104,39.39951923,6.718026183,80,47.35416667,45.0,18.0,11.65048544,28.15533981,17.47572816,24.271844660000003,14.5631068,3.88349515,0.0,0.0
2025-06,National,BELLEGARDE (AIN),PARIS LYON,163,240,1,91,7.735531136,3.060878661,43,40.56395349,8.952022315,31,51.08763441,13.0,6.0,18.60465116,44.18604650999999,25.58139535,4.65116279,2.3255814,4.65116279,0.0,0.0
2025-06,National,DIJON VILLE,PARIS LYON,100,398,0,154,9.060930736,3.585469012,41,54.91056911,6.316666666700001,29,71.87816092,19.0,11.0,17.77777778,46.66666667,20.000000000000004,8.88888889,4.44444444,2.22222222,0.0,0.0
2025-07,National,BELLEGARDE (AIN),PARIS LYON,179,22,0,13,13.3974359,8.087878788,1,33.13333333,1.948484849,1,33.13333333,1.0,0.0,0.0,100.0,0.0,0.0,0.0,0.0,0.0,0.0
2025-07,National,PARIS EST,STRASBOURG,120,352,1,62,21.18844085993548,3.7213675214039887,58,34.485347717032255,6.160968660969231,37,46.48963963937838,22.0,9.0,15.878107459310344,8.740978352068964,17.56214915689655,41.94065757482759,7.056936646896552,8.821170812413794,0.0,0.0
2025-07,International,CHAMBERY CHALLES LES EAUX,PARIS LYON,176,96,13,66,12.53232323,9.931927711,37,36.59279279,17.84658635,33,39.39191919,13.0,7.0,22.85714286,22.85714286,22.85714286,25.71428571,2.85714286,2.85714286,0.0,0.0
2025-07,International,PARIS EST,STRASBOURG,106,252,4,41,24.53211382,4.099327957,36,53.97546296,8.242271505,27,67.56358025,18.0,8.0,8.33333333,16.666666669999998,19.44444444,36.11111111,11.11111111,8.33333333,0.0,0.0
2025-07,International,DIJON VILLE,PARIS LYON,95,186,1,71,15.67840376,6.086576577,22,65.9030303,8.493963964,19,74.43157895,13.0,10.0,50.0,20.83333333,16.666666669999998,4.16666667,8.33333333,0.0,0.0,0.0
2025-07,International,BELLEGARDE (AIN),PARIS LYON,161,231,1,119,9.93627451,5.238333333,47,41.51737589,9.747463768,35,51.17714286,21.0,9.0,34.04255319,19.14893617,34.04255319,4.25531915,2.12765957,6.3829787200000005,0.0,0.0
2025-07,International,PARIS LYON,MULHOUSE VILLE,161,193,0,43,23.92093023,5.197668394,33,52.05454546,10.17469776,31,54.56612903,16.0,7.0,24.24242424,18.18181818,12.12121212,12.12121212,27.27272727,6.06060606,0.0,0.0
2025-07,National,CHAMBERY CHALLES LES EAUX,PARIS LYON,174,148,1,87,9.897701149,5.69138322,50,34.50133333,13.59115646,41,39.07073171,17.0,6.0,20.0,18.0,24.0,30.0,6.0,2.0,0.0,0.0
2025-07,National,DIJON VILLE,PARIS LYON,101,220,3,85,8.809019608,3.5108294931000006,16,38.69895833,2.774577573,13,44.65384615,5.0,2.0,25.0,25.0,6.25,31.25,12.5,0.0,0.0,0.0
2025-07,National,PARIS LYON,MULHOUSE VILLE,177,131,2,29,27.42643678,6.12881137,27,46.96296296,10.70762274,24,51.13750000000001,12.0,7.0,18.51851852,37.03703704,7.407407409999999,14.814814809999998,22.22222222,0.0,0.0,0.0
2025-08,International,BELLEGARDE (AIN),PARIS LYON,160,228,2,95,6.069824561,2.646755162,26,55.14615385,6.667256637200001,18,73.87222222,12.0,7.0,53.84615385,15.38461538,26.92307692,3.84615385,0.0,0.0,0.0,0.0
2025-08,National,BELLEGARDE (AIN),PARIS LYON,179,25,0,15,9.037777778,5.465333333,2,28.43333333,2.484,2,28.43333333,0.0,0.0,0.0,0.0,0.0,100.0,0.0,0.0,0.0,0.0
2025-08,National,PARIS EST,STRASBOURG,121,336,0,42,21.39126984152381,2.648710317445833,30,50.97132779009524,4.839632936467262,24,60.87222222241667,17.0,7.0,25.43859649,14.385964908999998,14.03508772,35.78947368,7.017543856,3.333333333000001,0.0,0.0
2025-08,International,CHAMBERY CHALLES LES EAUX,PARIS LYON,174,96,0,80,14.911458333000002,12.41458333,37,51.45315315,21.06684028,34,54.90882353,21.0,6.0,20.0,5.71428571,48.57142857000001,22.85714286,0.0,2.85714286,0.0,0.0
2025-08,International,PARIS EST,STRASBOURG,105,237,0,20,13.06916667,1.100140647,18,39.25,3.127637131,14,46.48809523799999,5.0,4.0,16.666666669999998,11.11111111,11.11111111,44.444444440000005,16.666666669999998,0.0,0.0,0.0
2025-08,National,DIJON VILLE,PARIS LYON,100,202,1,77,12.25930736,4.76185738,23,40.63405797,4.604892206,18,48.28611111,10.0,4.0,18.18181818,22.72727273,31.818181820000003,13.63636364,9.090909089999998,4.54545455,0.0,0.0
2025-08,International,DIJON VILLE,PARIS LYON,95,152,0,71,8.820422535,4.196052632,24,25.60625,4.735197368,12,37.95972222,7.0,2.0,4.34782609,43.47826087,52.17391304,0.0,0.0,0.0,0.0,0.0
2025-08,International,PARIS LYON,MULHOUSE VILLE,166,158,0,18,25.09074074,2.662447257,13,59.93205128,5.839767933,12,63.88333333,5.0,3.0,16.666666669999998,16.666666669999998,8.33333333,0.0,41.666666670000005,16.666666669999998,0.0,0.0
2025-08,National,CHAMBERY CHALLES LES EAUX,PARIS LYON,173,144,0,76,11.13859649,5.682638889,41,43.05569106,13.40393519,35,48.25238095,19.0,7.0,28.57142857,9.52380952,40.47619048,14.28571429,2.38095238,4.76190476,0.0,0.0
2025-08,National,PARIS LYON,MULHOUSE VILLE,179,115,0,16,35.21458333,4.729130435,11,66.12424242,7.331884058,10,71.145,6.0,4.0,9.09090909,0.0,0.0,18.18181818,54.54545455,18.18181818,0.0,0.0
2025-09,International,BELLEGARDE (AIN),PARIS LYON,161,244,2,92,4.184963768,1.629752066,33,42.53787879,7.258539944899999,23,55.42173913,15.0,9.0,15.625,50.0,25.0,3.125,3.125,3.125,0.0,0.0
2025-09,National,PARIS LYON,MULHOUSE VILLE,180,124,1,18,27.30277778,3.785365854,19,53.63070175,9.259485095,18,55.76851852,14.0,6.0,5.26315789,36.84210526,15.78947368,21.05263158,15.78947368,5.26315789,0.0,0.0
2025-09,International,CHAMBERY CHALLES LES EAUX,PARIS LYON,178,88,0,74,9.706981982,8.103598485,32,37.83645833,16.12859849,30,39.49333333,8.0,5.0,9.375,31.25,43.75,15.625,0.0,0.0,0.0,0.0
2025-09,International,DIJON VILLE,PARIS LYON,96,120,0,58,14.21609195,6.945000000000001,23,47.76231884,9.96125,16,62.9125,12.0,7.0,26.08695652,30.43478261,30.43478261,0.0,4.34782609,8.695652169999999,0.0,0.0
2025-09,International,PARIS LYON,MULHOUSE VILLE,170,142,0,19,24.04736842,3.09213615,19,44.41491228,6.49870892,18,46.01851852,12.0,4.0,5.26315789,47.36842105,10.52631579,15.78947368,5.26315789,15.78947368,0.0,0.0
2025-09,National,PARIS EST,STRASBOURG,118,420,0,39,18.019230769461537,1.5751190476571428,30,30.541487179538464,2.1058730159142858,19,40.68245614068421,11.0,3.0,3.7878787916666665,3.7878787916666665,26.06060605833333,32.727272725000006,15.15151515,18.484848483333334,0.0,0.0
2025-09,National,BELLEGARDE (AIN),PARIS LYON,186,8,0,4,2.579166667,1.30625,2,23.15833333,9.683333333,2,23.15833333,0.0,0.0,0.0,50.0,50.0,0.0,0.0,0.0,0.0,0.0
2025-09,National,CHAMBERY CHALLES LES EAUX,PARIS LYON,174,149,1,65,7.402307692,2.975900901,39,36.28675214,11.69065315,35,38.94571429,11.0,4.0,12.5,32.5,40.0,15.0,0.0,0.0,0.0,0.0
2025-09,National,DIJON VILLE,PARIS LYON,101,202,1,83,9.968674699,4.179436153,29,40.89712644,6.781094527,24,46.55833333,16.0,7.0,3.4482758600000003,44.82758621,17.24137931,20.68965517,13.79310345,0.0,0.0,0.0
2025-09,International,PARIS EST,STRASBOURG,105,232,3,24,15.76111111,1.644250364,17,28.9245098,2.354585153,12,35.07638889,4.0,1.0,0.0,12.5,18.75,43.75,18.75,6.25,0.0,0.0
2025-10,National,BELLEGARDE (AIN),PARIS LYON,163,266,0,112,8.145386905,3.557957394,47,37.70957446799999,8.220676692,30,51.59611111,15.0,7.0,21.27659574,14.89361702,44.68085106,12.765957450000002,0.0,6.3829787200000005,0.0,0.0
2025-10,National,CHAMBERY CHALLES LES EAUX,PARIS LYON,176,241,1,147,9.958843537,5.999375,77,36.18852814,13.93347222,65,40.3348718,28.0,15.0,28.57142857,18.18181818,36.36363636,11.68831169,5.19480519,0.0,0.0,0.0
2025-10,National,DIJON VILLE,PARIS LYON,99,309,0,164,9.178760163,4.932092772,50,40.30566667,8.074271845,36,51.02546296,20.0,9.0,25.0,11.53846154,32.69230769,23.07692308,0.0,7.69230769,0.0,0.0
2025-10,National,PARIS EST,STRASBOURG,113,677,0,63,37.89497354514285,3.477769571687149,60,54.67973138,4.940423436709453,47,64.18297872368086,35.0,19.0,35.0,8.333333337333332,16.666666665999998,26.666666666666668,13.333333334666667,0.0,0.0,0.0
2025-10,National,PARIS LYON,MULHOUSE VILLE,176,244,0,36,24.62592593,3.529030055,30,42.37055556,6.346379781,25,48.22866667,15.0,8.0,40.0,6.666666670000001,13.33333333,16.666666669999998,6.666666670000001,16.666666669999998,0.0,0.0
2025-11,National,CHAMBERY CHALLES LES EAUX,PARIS LYON,176,233,0,166,12.01295181,8.691845494,101,36.00132013,18.50450644,94,37.62163121,38.0,10.0,14.851485149999998,16.83168317,44.55445545,16.83168317,2.97029703,3.96039604,0.0,0.0
2025-11,National,PARIS EST,STRASBOURG,113,661,4,103,27.761812297291264,4.320243531157078,86,45.94780654450486,6.670395738239726,68,54.90441176483823,32.0,17.0,21.395348836976748,9.568106313488371,4.784053153,34.48504983674419,16.644518269069767,13.122923591162792,0.0,0.0
2025-11,National,BELLEGARDE (AIN),PARIS LYON,162,254,5,94,5.458510638,2.105488621,40,29.9725,7.608299866,25,39.92,9.0,6.0,20.51282051,10.25641026,51.28205128,15.38461538,0.0,2.56410256,0.0,0.0
2025-11,National,DIJON VILLE,PARIS LYON,99,317,0,151,12.63874172,6.056572029,55,44.93090909,9.952365931,41,55.63048781,18.0,11.0,17.241379310000003,34.482758620000006,20.689655169999995,22.4137931,1.7241379300000002,3.4482758600000003,0.0,0.0
2025-11,National,PARIS LYON,MULHOUSE VILLE,174,259,0,30,23.72777778,2.623938224,37,37.71846847,6.383783784,32,41.65989583,19.0,8.0,27.02702703,13.51351351,8.10810811,24.32432432,24.32432432,2.7027027,0.0,0.0
2025-12,National,BELLEGARDE (AIN),PARIS LYON,162,269,3,114,6.69122807,2.919611529,30,40.155,5.146867168,23,48.64202898600001,15.0,6.0,13.33333333,10.0,46.66666667,10.0,16.666666669999998,3.33333333,0.0,0.0
2025-12,National,PARIS EST,STRASBOURG,113,709,2,117,16.897008546897435,2.7528288543196604,88,31.464036961615385,4.517208863717539,70,36.387619047514285,26.0,9.0,12.500000002272726,13.636363639545454,11.363636366363638,42.04545454454545,17.045454547727275,3.409090908181818,0.0,0.0
2025-12,National,CHAMBERY CHALLES LES EAUX,PARIS LYON,176,314,2,239,13.25111576,10.25982906,99,39.17239057,13.94754274,75,47.29444444,40.0,15.0,7.52688172,6.451612900000001,59.13978495,22.580645160000003,4.30107527,0.0,0.0,0.0
2025-12,National,PARIS LYON,MULHOUSE VILLE,170,281,3,42,28.47579365,4.158693046,45,49.36666667,8.942745803,38,56.02675438600001,23.0,15.0,36.36363636,13.63636364,18.18181818,18.18181818,9.09090909,4.54545455,0.0,0.0
2025-12,National,DIJON VILLE,PARIS LYON,98,358,1,164,9.649085366,4.488888889,44,50.62537879,6.771708684,37,57.73828829,20.0,12.0,19.14893617,36.17021277,8.5106383,23.40425532,10.63829787,2.12765957,0.0,0.0
2026-01,National,PARIS EST,STRASBOURG,114,603,22,129,25.17170542648062,5.593430866297246,159,42.052838429565895,12.122518646228915,128,49.09348958303125,68.0,32.0,59.51257862037736,3.655660374339623,3.734276727547169,23.07389937,6.25,3.7735849086792457,0.0,0.0
2026-01,National,PARIS LYON,MULHOUSE VILLE,168,306,3,62,27.7938172,5.562541254,54,40.60802469,8.62139714,41,49.25691057,27.0,6.0,33.333333329999995,5.55555556,18.51851852,18.51851852,12.96296296,11.11111111,0.0,0.0
2026-01,National,DIJON VILLE,PARIS LYON,98,408,4,182,10.23626374,4.650990099,68,39.08186275,7.746493399,47,50.45957447,22.0,13.0,39.43661972,15.49295775,28.16901408,11.267605629999998,4.225352109999999,1.4084507,0.0,0.0
2026-01,National,BELLEGARDE (AIN),PARIS LYON,164,276,2,156,10.43696581,6.008029197,61,44.37650273,11.08868613,47,53.57411348,32.0,13.0,36.06557377,14.75409836,22.95081967,9.83606557,13.1147541,3.27868852,0.0,0.0
2026-01,National,CHAMBERY CHALLES LES EAUX,PARIS LYON,177,324,1,241,12.11694329,9.144375645,113,34.16386431,13.328276573999998,95,38.21578947,42.0,9.0,20.1754386,10.52631579,53.50877193,12.28070175,0.0,3.50877193,0.0,0.0
2026-02,National,PARIS EST,STRASBOURG,114,546,2,84,16.159523809928572,2.4965992647426467,65,34.185743559928575,4.342095588276471,52,38.64711538469231,20.0,4.0,10.948717951846154,7.820512817384616,20.30769230769231,40.64102564415384,12.461538461538463,7.820512817384616,0.0,0.0
2026-02,National,DIJON VILLE,PARIS LYON,98,330,0,126,11.95793651,4.613686869,32,55.88958333,6.279545454500001,27,63.4462963,17.0,7.0,33.333333329999995,24.24242424,21.21212121,15.15151515,6.06060606,0.0,0.0,0.0
2026-02,National,PARIS LYON,MULHOUSE VILLE,168,218,0,32,20.98854167,2.907492355,22,34.55,4.485397554,19,38.07719298,9.0,2.0,36.36363636,22.72727273,4.5454545500000005,22.72727273,9.09090909,4.5454545500000005,0.0,0.0
2026-02,National,BELLEGARDE (AIN),PARIS LYON,163,248,1,135,6.705555556,3.770917679,25,42.92266667,5.332591093,23,45.52826087,12.0,6.0,40.0,16.0,8.0,24.0,8.0,4.0,0.0,0.0
2026-02,National,CHAMBERY CHALLES LES EAUX,PARIS LYON,178,314,0,226,10.84874631,7.845329087,93,28.18243728,10.22542463,72,32.56203704,27.0,5.0,11.702127660000002,14.89361702,48.93617021000001,14.89361702,0.0,9.574468090000002,0.0,0.0
2026-03,National,BELLEGARDE (AIN),PARIS LYON,163,283,0,149,6.400447427,3.449411072,35,39.65095238,5.575441696,26,48.67179487,11.0,8.0,22.857142860000003,22.857142860000003,25.71428571,17.14285714,8.57142857,2.8571428600000006,0.0,0.0
2026-03,National,CHAMBERY CHALLES LES EAUX,PARIS LYON,177,353,0,195,9.172905983,5.0,93,30.81218638,10.00665722,77,34.51645022,27.0,5.0,23.65591398,10.75268817,55.913978490000005,7.52688172,0.0,2.15053763,0.0,0.0
2026-03,National,PARIS LYON,MULHOUSE VILLE,169,247,0,26,13.08525641,1.20391363,15,34.11666667,3.279554656,13,37.4525641,7.0,2.0,21.42857143,7.14285714,28.57142857,14.28571429,14.28571429,14.28571429,0.0,0.0
2026-03,National,PARIS EST,STRASBOURG,114,640,4,82,33.59004065037805,4.344025157275629,64,58.992478506963415,5.978825996,49,72.96088435336735,33.0,16.0,28.125,12.5,10.9375,40.625,4.687499997,3.1249999981250003,0.0,0.0
2026-03,National,DIJON VILLE,PARIS LYON,98,353,1,162,8.161008231,3.821732955,28,30.325,3.180776515,23,34.39492754,12.0,0.0,46.42857143,17.85714286,21.42857143,7.14285714,0.0,7.14285714,0.0,0.0
2026-04,National,PARIS EST,STRASBOURG,114,655,2,132,18.39671717202273,3.785298621787902,69,50.93158165743182,6.039203675335222,53,62.98867924488679,35.0,18.0,27.610553701304347,11.984392417101448,1.7279821600000005,31.066518021304347,20.698625043333333,6.911928648985508,0.0,0.0
2026-04,National,DIJON VILLE,PARIS LYON,99,383,2,194,9.689948454,4.996019248,39,59.974786325,6.980271216100001,30,74.14388889,21.0,11.0,23.68421053,42.10526315999999,23.68421053,5.26315789,2.63157895,2.63157895,0.0,0.0
2026-04,National,PARIS LYON,MULHOUSE VILLE,169,265,1,37,20.5481982,2.731439394,30,44.03,6.488573232,24,51.71527778,13.0,6.0,20.68965517,24.13793103,3.4482758600000003,31.03448276,13.793103449999997,6.896551720000001,0.0,0.0
2026-04,National,BELLEGARDE (AIN),PARIS LYON,161,239,1,164,7.265142276399999,5.063305322,30,43.43333333,6.909733894,20,58.56416666700001,13.0,7.0,22.222222220000003,18.51851852,22.222222220000003,11.11111111,18.51851852,7.407407410000001,0.0,0.0
2026-04,National,CHAMBERY CHALLES LES EAUX,PARIS LYON,174,250,0,141,8.421513002,4.812066667,63,30.15396825,9.1672,51,34.12745098,21.0,3.0,23.33333333,18.33333333,40.0,16.666666669999998,0.0,1.66666667,0.0,0.0
2026-05,National,CHAMBERY CHALLES LES EAUX,PARIS LYON,172,224,0,129,8.877648579,5.167559524,69,36.61449275,12.41547619,49,46.0877551,30.0,11.0,47.826086960000005,4.34782609,17.39130435,21.73913043,0.0,8.695652169999999,0.0,0.0
2026-05,National,DIJON VILLE,PARIS LYON,98,380,0,241,7.217980636,4.78627193,55,32.72363636,5.399210526,41,39.32276423,19.0,7.0,40.0,0.0,25.0,25.0,5.0,5.0,0.0,0.0
2026-05,National,PARIS EST,STRASBOURG,113,652,1,124,16.81155913994355,3.2785714285629797,76,33.31175746255645,4.226753712278033,64,37.45833333378125,28.0,9.0,25.657894736842103,3.618421052631579,0.0,38.596491230921046,29.276315789473685,2.8508771901315786,0.0,0.0
2026-05,National,BELLEGARDE (AIN),PARIS LYON,161,236,2,141,12.62411348,7.671296296,51,53.15490196,12.77450143,39,65.45042735,24.0,14.0,15.78947368,21.052631580000003,15.78947368,10.526315790000002,31.578947369999995,5.26315789,0.0,0.0
2026-05,National,PARIS LYON,MULHOUSE VILLE,167,272,1,46,18.47137681,3.04895449,41,38.27439024,6.901045511,34,43.47598039,16.0,7.0,33.333333329999995,0.0,0.0,33.333333329999995,33.333333329999995,0.0,0.0,0.0
2026-06,National,CHAMBERY CHALLES LES EAUX,PARIS LYON,176,198,5,97,17.16030928,8.666666667,56,42.02708333,13.23782383,45,49.06185185,23.0,11.0,18.51851852,25.92592593,7.407407409999999,37.03703704,7.407407409999999,3.7037037,0.0,0.0
2026-06,National,PARIS EST,STRASBOURG,113,693,14,189,28.85511463885714,8.135591556214875,157,50.07808331488889,12.03190967106922,134,56.38905472623134,79.0,39.0,27.690021228407645,1.194267515923567,1.2059447952866242,13.242038216560507,51.84394904458599,4.823779190191083,0.0,0.0
2026-06,National,PARIS LYON,MULHOUSE VILLE,168,274,6,79,21.34409283,6.222885572,67,66.11940299,18.02711443,57,75.4248538,40.0,21.0,45.161290320000006,3.2258064500000003,3.2258064500000003,9.67741935,35.48387097,3.2258064500000003,0.0,0.0
2026-06,National,BELLEGARDE (AIN),PARIS LYON,162,239,6,143,11.28449883,6.976108727,55,34.14090909,8.880400572,44,39.41666667,16.0,6.0,17.64705882,2.94117647,11.76470588,17.64705882,38.235294120000006,11.76470588,0.0,0.0
2026-06,National,DIJON VILLE,PARIS LYON,98,398,13,247,13.24750337,8.704285714,61,50.24289618,8.897965368,52,56.65384615,33.0,13.0,26.66666667,6.666666670000001,10.0,30.0,23.33333333,3.33333333,0.0,0.0
